CREATE DATABASE  IF NOT EXISTS `mhealth_apps` /*!40100 DEFAULT CHARACTER SET latin1 */;
USE `mhealth_apps`;
-- MySQL dump 10.13  Distrib 5.7.12, for linux-glibc2.5 (x86_64)
--
-- Host: localhost    Database: mhealth_apps
-- ------------------------------------------------------
-- Server version	5.6.30-1-log

/*!40101 SET @OLD_CHARACTER_SET_CLIENT=@@CHARACTER_SET_CLIENT */;
/*!40101 SET @OLD_CHARACTER_SET_RESULTS=@@CHARACTER_SET_RESULTS */;
/*!40101 SET @OLD_COLLATION_CONNECTION=@@COLLATION_CONNECTION */;
/*!40101 SET NAMES utf8 */;
/*!40103 SET @OLD_TIME_ZONE=@@TIME_ZONE */;
/*!40103 SET TIME_ZONE='+00:00' */;
/*!40014 SET @OLD_UNIQUE_CHECKS=@@UNIQUE_CHECKS, UNIQUE_CHECKS=0 */;
/*!40014 SET @OLD_FOREIGN_KEY_CHECKS=@@FOREIGN_KEY_CHECKS, FOREIGN_KEY_CHECKS=0 */;
/*!40101 SET @OLD_SQL_MODE=@@SQL_MODE, SQL_MODE='NO_AUTO_VALUE_ON_ZERO' */;
/*!40111 SET @OLD_SQL_NOTES=@@SQL_NOTES, SQL_NOTES=0 */;

--
-- Table structure for table `addons`
--

DROP TABLE IF EXISTS `addons`;
/*!40101 SET @saved_cs_client     = @@character_set_client */;
/*!40101 SET character_set_client = utf8 */;
CREATE TABLE `addons` (
  `name` varchar(100) NOT NULL,
  `addon_type` varchar(100) NOT NULL,
  `time` timestamp NOT NULL DEFAULT CURRENT_TIMESTAMP ON UPDATE CURRENT_TIMESTAMP,
  `package` varchar(80) NOT NULL,
  UNIQUE KEY `unique_entry` (`package`,`name`,`addon_type`),
  CONSTRAINT `addons_ibfk_1` FOREIGN KEY (`package`) REFERENCES `apps` (`package`) ON DELETE CASCADE ON UPDATE CASCADE
) ENGINE=InnoDB DEFAULT CHARSET=latin1;
/*!40101 SET character_set_client = @saved_cs_client */;

--
-- Dumping data for table `addons`
--

LOCK TABLES `addons` WRITE;
/*!40000 ALTER TABLE `addons` DISABLE KEYS */;
INSERT INTO `addons` VALUES ('Android NDK','DeveloperTools','2016-07-19 13:05:06','com.activ8rlives.mobile'),('Android Support Library','DeveloperTools','2016-07-19 13:05:06','com.activ8rlives.mobile'),('Google Play Services','DeveloperTools','2016-07-19 13:05:06','com.activ8rlives.mobile'),('Multidex','DeveloperTools','2016-07-19 13:05:06','com.activ8rlives.mobile'),('Xamarin.Android','CrossPlatformTools','2016-07-19 13:05:06','com.activ8rlives.mobile'),('Amazon AWS','DeveloperTools','2016-07-19 13:05:07','com.fitbit.FitbitMobile'),('Android Support Library','DeveloperTools','2016-07-19 13:05:07','com.fitbit.FitbitMobile'),('BoltsFramework','DeveloperTools','2016-07-19 13:05:07','com.fitbit.FitbitMobile'),('Butter Knife','DeveloperTools','2016-07-19 13:05:07','com.fitbit.FitbitMobile'),('Facebook','DeveloperTools','2016-07-19 13:05:07','com.fitbit.FitbitMobile'),('Google Analytics','Analytics','2016-07-19 13:05:07','com.fitbit.FitbitMobile'),('Google Maps','DeveloperTools','2016-07-19 13:05:07','com.fitbit.FitbitMobile'),('Google Play Services','DeveloperTools','2016-07-19 13:05:07','com.fitbit.FitbitMobile'),('Jackson','DeveloperTools','2016-07-19 13:05:07','com.fitbit.FitbitMobile'),('Multidex','DeveloperTools','2016-07-19 13:05:07','com.fitbit.FitbitMobile'),('Picasso','DeveloperTools','2016-07-19 13:05:07','com.fitbit.FitbitMobile'),('Android NDK','DeveloperTools','2016-07-19 13:05:06','com.garmin.android.apps.connectmobile'),('Android Support Library','DeveloperTools','2016-07-19 13:05:06','com.garmin.android.apps.connectmobile'),('DragSortListView','DeveloperTools','2016-07-19 13:05:06','com.garmin.android.apps.connectmobile'),('Fabric','DeveloperTools','2016-07-19 13:05:07','com.garmin.android.apps.connectmobile'),('Facebook','DeveloperTools','2016-07-19 13:05:07','com.garmin.android.apps.connectmobile'),('Google Maps','DeveloperTools','2016-07-19 13:05:07','com.garmin.android.apps.connectmobile'),('Google Play Services','DeveloperTools','2016-07-19 13:05:07','com.garmin.android.apps.connectmobile'),('Joda','DeveloperTools','2016-07-19 13:05:07','com.garmin.android.apps.connectmobile'),('ViewPagerIndicator','DeveloperTools','2016-07-19 13:05:07','com.garmin.android.apps.connectmobile'),('aChartEngine','DeveloperTools','2016-07-19 13:05:07','com.hapiconnect'),('Android Support Library','DeveloperTools','2016-07-19 13:05:07','com.hapiconnect'),('Fabric','DeveloperTools','2016-07-19 13:05:07','com.hapiconnect'),('Gson','DeveloperTools','2016-07-19 13:05:07','com.hapiconnect'),('Protobuf','DeveloperTools','2016-07-19 13:05:07','com.hapiconnect'),('ZXing','DeveloperTools','2016-07-19 13:05:07','com.hapiconnect'),('Android NDK','DeveloperTools','2016-07-19 13:05:09','com.jawbone.upopen'),('Android Support Library','DeveloperTools','2016-07-19 13:05:09','com.jawbone.upopen'),('Android Wear','DeveloperTools','2016-07-19 13:05:09','com.jawbone.upopen'),('BoltsFramework','DeveloperTools','2016-07-19 13:05:09','com.jawbone.upopen'),('Butter Knife','DeveloperTools','2016-07-19 13:05:09','com.jawbone.upopen'),('Fabric','DeveloperTools','2016-07-19 13:05:09','com.jawbone.upopen'),('Facebook','DeveloperTools','2016-07-19 13:05:09','com.jawbone.upopen'),('Google Analytics','Analytics','2016-07-19 13:05:09','com.jawbone.upopen'),('Google Maps','DeveloperTools','2016-07-19 13:05:09','com.jawbone.upopen'),('Google Play Services','DeveloperTools','2016-07-19 13:05:09','com.jawbone.upopen'),('Jackson','DeveloperTools','2016-07-19 13:05:09','com.jawbone.upopen'),('Joda','DeveloperTools','2016-07-19 13:05:09','com.jawbone.upopen'),('Multidex','DeveloperTools','2016-07-19 13:05:09','com.jawbone.upopen'),('Picasso','DeveloperTools','2016-07-19 13:05:09','com.jawbone.upopen'),('aChartEngine','DeveloperTools','2016-07-19 13:05:09','com.ks.wristband'),('Android Support Library','DeveloperTools','2016-07-19 13:05:09','com.ks.wristband'),('Android NDK','DeveloperTools','2016-07-19 13:05:09','com.medm.medmwt.diary'),('Android Support Library','DeveloperTools','2016-07-19 13:05:09','com.medm.medmwt.diary'),('Google Play Services','DeveloperTools','2016-07-19 13:05:09','com.medm.medmwt.diary'),('Android NDK','DeveloperTools','2016-07-19 13:05:07','com.microsoft.kapp'),('Android Support Library','DeveloperTools','2016-07-19 13:05:07','com.microsoft.kapp'),('BoltsFramework','DeveloperTools','2016-07-19 13:05:07','com.microsoft.kapp'),('Facebook','DeveloperTools','2016-07-19 13:05:07','com.microsoft.kapp'),('Google Play Services','DeveloperTools','2016-07-19 13:05:07','com.microsoft.kapp'),('Gson','DeveloperTools','2016-07-19 13:05:07','com.microsoft.kapp'),('HockeyApp','CrashReporting','2016-07-19 13:05:07','com.microsoft.kapp'),('Jayway JsonPath','DeveloperTools','2016-07-19 13:05:07','com.microsoft.kapp'),('Joda','DeveloperTools','2016-07-19 13:05:07','com.microsoft.kapp'),('Json-smart','DeveloperTools','2016-07-19 13:05:07','com.microsoft.kapp'),('OkHttp','DeveloperTools','2016-07-19 13:05:07','com.microsoft.kapp'),('Okio','DeveloperTools','2016-07-19 13:05:07','com.microsoft.kapp'),('Picasso','DeveloperTools','2016-07-19 13:05:07','com.microsoft.kapp'),('Protobuf','DeveloperTools','2016-07-19 13:05:07','com.microsoft.kapp'),('SLF4J','DeveloperTools','2016-07-19 13:05:07','com.microsoft.kapp'),('Xamarin.Android','CrossPlatformTools','2016-07-19 13:05:07','com.microsoft.kapp'),('Android NDK','DeveloperTools','2016-07-19 13:05:07','com.mioglobal.android.miogo'),('Android Support Library','DeveloperTools','2016-07-19 13:05:07','com.mioglobal.android.miogo'),('Butter Knife','DeveloperTools','2016-07-19 13:05:07','com.mioglobal.android.miogo'),('Fabric','DeveloperTools','2016-07-19 13:05:08','com.mioglobal.android.miogo'),('Google Analytics','Analytics','2016-07-19 13:05:08','com.mioglobal.android.miogo'),('Google Maps','DeveloperTools','2016-07-19 13:05:08','com.mioglobal.android.miogo'),('Google Play Services','DeveloperTools','2016-07-19 13:05:08','com.mioglobal.android.miogo'),('Gson','DeveloperTools','2016-07-19 13:05:08','com.mioglobal.android.miogo'),('Jackson','DeveloperTools','2016-07-19 13:05:08','com.mioglobal.android.miogo'),('Joda','DeveloperTools','2016-07-19 13:05:08','com.mioglobal.android.miogo'),('joda-time-android','DeveloperTools','2016-07-19 13:05:08','com.mioglobal.android.miogo'),('OkHttp','DeveloperTools','2016-07-19 13:05:08','com.mioglobal.android.miogo'),('Okio','DeveloperTools','2016-07-19 13:05:08','com.mioglobal.android.miogo'),('Retrofit','DeveloperTools','2016-07-19 13:05:08','com.mioglobal.android.miogo'),('RoboSpice','DeveloperTools','2016-07-19 13:05:08','com.mioglobal.android.miogo'),('Timber','DeveloperTools','2016-07-19 13:05:08','com.mioglobal.android.miogo'),('Zip4j','DeveloperTools','2016-07-19 13:05:08','com.mioglobal.android.miogo'),('aChartEngine','DeveloperTools','2016-07-19 13:05:08','com.stabxtom.thomson'),('Android Asynchronous Http Client','DeveloperTools','2016-07-19 13:05:08','com.stabxtom.thomson'),('Android Support Library','DeveloperTools','2016-07-19 13:05:08','com.stabxtom.thomson'),('BoltsFramework','DeveloperTools','2016-07-19 13:05:08','com.stabxtom.thomson'),('DragSortListView','DeveloperTools','2016-07-19 13:05:08','com.stabxtom.thomson'),('Facebook','DeveloperTools','2016-07-19 13:05:08','com.stabxtom.thomson'),('Gson','DeveloperTools','2016-07-19 13:05:08','com.stabxtom.thomson'),('Otto','DeveloperTools','2016-07-19 13:05:08','com.stabxtom.thomson'),('Twitter4j','DeveloperTools','2016-07-19 13:05:08','com.stabxtom.thomson'),('Umeng','Analytics','2016-07-19 13:05:08','com.stabxtom.thomson'),('Universal Image Loader','DeveloperTools','2016-07-19 13:05:08','com.stabxtom.thomson'),('Volley','DeveloperTools','2016-07-19 13:05:08','com.stabxtom.thomson'),('WeChat','DeveloperTools','2016-07-19 13:05:08','com.stabxtom.thomson'),('XStream','DeveloperTools','2016-07-19 13:05:08','com.stabxtom.thomson'),('ZXing','DeveloperTools','2016-07-19 13:05:08','com.stabxtom.thomson'),('Android NDK','DeveloperTools','2016-07-19 13:05:08','com.veclink.movnow.healthy_q2'),('Android NDK','DeveloperTools','2016-07-19 13:05:09','com.withings.wiscale2'),('Android Support Library','DeveloperTools','2016-07-19 13:05:09','com.withings.wiscale2'),('Butter Knife','DeveloperTools','2016-07-19 13:05:09','com.withings.wiscale2'),('Calligraphy','DeveloperTools','2016-07-19 13:05:09','com.withings.wiscale2'),('Crashlytics','CrashReporting','2016-07-19 13:05:09','com.withings.wiscale2'),('DragSortListView','DeveloperTools','2016-07-19 13:05:09','com.withings.wiscale2'),('EventBus','DeveloperTools','2016-07-19 13:05:09','com.withings.wiscale2'),('Glide','DeveloperTools','2016-07-19 13:05:09','com.withings.wiscale2'),('Google Play Games','Gaming','2016-07-19 13:05:09','com.withings.wiscale2'),('Google Play Services','DeveloperTools','2016-07-19 13:05:09','com.withings.wiscale2'),('Gson','DeveloperTools','2016-07-19 13:05:09','com.withings.wiscale2'),('HoloColorPicker','DeveloperTools','2016-07-19 13:05:09','com.withings.wiscale2'),('Joda','DeveloperTools','2016-07-19 13:05:09','com.withings.wiscale2'),('Multidex','DeveloperTools','2016-07-19 13:05:09','com.withings.wiscale2'),('OkHttp','DeveloperTools','2016-07-19 13:05:09','com.withings.wiscale2'),('Okio','DeveloperTools','2016-07-19 13:05:09','com.withings.wiscale2'),('ORMLite','DeveloperTools','2016-07-19 13:05:10','com.withings.wiscale2'),('Retrofit','DeveloperTools','2016-07-19 13:05:10','com.withings.wiscale2'),('Smack','DeveloperTools','2016-07-19 13:05:10','com.withings.wiscale2'),('ViewPagerIndicator','DeveloperTools','2016-07-19 13:05:10','com.withings.wiscale2'),('Android Support Library','DeveloperTools','2016-07-19 13:05:09','com.zensorium.tinke'),('Gson','DeveloperTools','2016-07-19 13:05:09','com.zensorium.tinke'),('Joda','DeveloperTools','2016-07-19 13:05:09','com.zensorium.tinke'),('Opencsv','DeveloperTools','2016-07-19 13:05:09','com.zensorium.tinke'),('Twitter4j','DeveloperTools','2016-07-19 13:05:09','com.zensorium.tinke'),('Android NDK','DeveloperTools','2016-07-19 13:05:08','fi.polar.polarflow'),('Android Support Library','DeveloperTools','2016-07-19 13:05:08','fi.polar.polarflow'),('BoltsFramework','DeveloperTools','2016-07-19 13:05:08','fi.polar.polarflow'),('Butter Knife','DeveloperTools','2016-07-19 13:05:08','fi.polar.polarflow'),('Facebook','DeveloperTools','2016-07-19 13:05:08','fi.polar.polarflow'),('Google Maps','DeveloperTools','2016-07-19 13:05:08','fi.polar.polarflow'),('Google Play Services','DeveloperTools','2016-07-19 13:05:08','fi.polar.polarflow'),('Joda','DeveloperTools','2016-07-19 13:05:08','fi.polar.polarflow'),('Multidex','DeveloperTools','2016-07-19 13:05:08','fi.polar.polarflow'),('Protobuf','DeveloperTools','2016-07-19 13:05:08','fi.polar.polarflow'),('Volley','DeveloperTools','2016-07-19 13:05:08','fi.polar.polarflow');
/*!40000 ALTER TABLE `addons` ENABLE KEYS */;
UNLOCK TABLES;

--
-- Table structure for table `am`
--

DROP TABLE IF EXISTS `am`;
/*!40101 SET @saved_cs_client     = @@character_set_client */;
/*!40101 SET character_set_client = utf8 */;
CREATE TABLE `am` (
  `package` varchar(100) NOT NULL,
  `title` varchar(512) DEFAULT NULL,
  `version` varchar(255) DEFAULT NULL,
  `asin` varchar(255) DEFAULT NULL,
  `category` varchar(255) DEFAULT NULL,
  `company` varchar(255) DEFAULT NULL,
  `price` float(10,2) DEFAULT NULL,
  `rating` float(10,2) DEFAULT NULL,
  `popularity` int(11) DEFAULT NULL,
  `release_date` date DEFAULT NULL,
  `mom` varchar(50) DEFAULT NULL,
  `pripol` varchar(500) DEFAULT NULL,
  `timestamp` timestamp NOT NULL DEFAULT CURRENT_TIMESTAMP,
  PRIMARY KEY (`package`),
  KEY `package` (`package`),
  CONSTRAINT `am_ibfk_1` FOREIGN KEY (`package`) REFERENCES `apps` (`package`) ON DELETE CASCADE ON UPDATE CASCADE
) ENGINE=InnoDB DEFAULT CHARSET=latin1;
/*!40101 SET character_set_client = @saved_cs_client */;

--
-- Dumping data for table `am`
--

LOCK TABLES `am` WRITE;
/*!40000 ALTER TABLE `am` DISABLE KEYS */;
INSERT INTO `am` VALUES ('com.activ8rlives.mobile','Activ8rlives Health & Food','3.16.4',NULL,'HEALTH_AND_FITNESS','Aseptika Ltd',0.00,2.87,10,'2016-05-23',NULL,'http://data.activ8rlives.com/Terms/TCs.htm','2016-07-19 08:15:15'),('com.fitbit.FitbitMobile','Fitbit','2.29',NULL,'HEALTH_AND_FITNESS','Fitbit, Inc.',0.00,3.94,10,'2016-07-11',NULL,'http://www.fitbit.com/privacy','2016-07-19 08:15:37'),('com.garmin.android.apps.connectmobile','Garmin Connect™ Mobile','3.8.0.1',NULL,'HEALTH_AND_FITNESS','Garmin',0.00,3.33,1,'2016-07-15',NULL,'http://www.garmin.com/privacy','2016-07-19 08:15:55'),('com.hapiconnect','HAPI Connect','1.2.8_US_server',NULL,'HEALTH_AND_FITNESS','HAPILABS',0.00,2.78,100,'2016-07-08',NULL,'http://www.hapi.com/privacypolicy','2016-07-19 08:14:35'),('com.jawbone.upopen','UP® – Smart Coach for Health','',NULL,'HEALTH_AND_FITNESS','Jawbone',0.00,4.06,1,NULL,NULL,'http://www.jawbone.com/privacy','2016-07-19 08:14:46'),('com.ks.wristband','VeryFit','',NULL,'HEALTH_AND_FITNESS','P2PCam',0.00,3.13,50,NULL,NULL,'','2016-07-19 08:15:00'),('com.medm.medmwt.diary','MedM Weight','2.0.26',NULL,'HEALTH_AND_FITNESS','MedM Inc',0.00,4.44,500,'2016-04-21',NULL,'https://health.medm.com/privacy','2016-07-19 08:15:24'),('com.microsoft.kapp','Microsoft Health','',NULL,'HEALTH_AND_FITNESS','Microsoft Corporation',0.00,3.65,100,NULL,NULL,'http://go.microsoft.com/fwlink/?LinkId=521839','2016-07-19 08:14:41'),('com.mioglobal.android.miogo','Mio GO','2.6.2',NULL,'HEALTH_AND_FITNESS','Mio Global',0.00,2.57,50,'2016-01-22',NULL,'http://www.mioglobal.com/privacy-policy.htm','2016-07-19 08:16:05'),('com.stabxtom.thomson','Thomson Healthcare','v1.1-B018',NULL,'HEALTH_AND_FITNESS','Thomson Healthcare',0.00,3.45,1,'2015-10-05',NULL,'','2016-07-19 08:15:30'),('com.veclink.movnow.healthy_q2','movnow plus','',NULL,'HEALTH_AND_FITNESS','Shenzhen Veclink Communications Co.,Ltd',0.00,2.18,100,NULL,NULL,'','2016-07-19 08:14:56'),('com.withings.wiscale2','Health Mate','2.16',NULL,'HEALTH_AND_FITNESS','Withings',0.00,3.51,500,'2016-06-07',NULL,'http://vitrine.withings.com/privacy-terms','2016-07-19 08:15:07'),('com.zensorium.tinke','Tinké','5.1.1',NULL,'HEALTH_AND_FITNESS','ZENSORIUM',0.00,2.97,5,'2016-07-13',NULL,'http://www.zensorium.com/tinke/privacy-site.html','2016-07-19 08:15:45'),('fi.polar.polarflow','Polar Flow - Activity & Sports','',NULL,'HEALTH_AND_FITNESS','Polar Electro',0.00,2.97,1,NULL,NULL,'http://www.polar.com/en/legal_notice#privacypolicy','2016-07-19 08:14:51');
/*!40000 ALTER TABLE `am` ENABLE KEYS */;
UNLOCK TABLES;

--
-- Table structure for table `analysis`
--

DROP TABLE IF EXISTS `analysis`;
/*!40101 SET @saved_cs_client     = @@character_set_client */;
/*!40101 SET character_set_client = utf8 */;
CREATE TABLE `analysis` (
  `package` varchar(80) NOT NULL COMMENT 'Package name as extracted from apk',
  `Type` varchar(20) DEFAULT NULL COMMENT 'DIABETS, BP OR BOTH',
  `pripol_in_app` int(1) DEFAULT NULL,
  `path_to_exports` varchar(150) DEFAULT NULL COMMENT 'path to exported data in smart phone',
  `safety_check_bp` int(1) DEFAULT NULL COMMENT '0 = no, 1 = yes, 2 = NA (not applicable)',
  `safety_check_gl` int(1) DEFAULT NULL COMMENT '0 = no, 1 = yes, 2 = NA (not applicable)',
  `safety_check_pulse` int(1) DEFAULT NULL COMMENT '0 = no, 1 = yes, 2 = NA (not applicable)',
  `export_SD` int(1) DEFAULT NULL,
  `export_mail` int(1) DEFAULT NULL,
  `export_web_native` int(1) DEFAULT NULL,
  `export_other` varchar(100) DEFAULT NULL,
  `authentication` int(1) DEFAULT NULL COMMENT 'Additional Authentication over pin / password for app given',
  `wipe` int(1) DEFAULT NULL COMMENT 'wipe after deletion, 0 = no, 1=yes',
  `comment` text COMMENT 'any addition comment',
  UNIQUE KEY `Package` (`package`),
  KEY `package name` (`package`),
  CONSTRAINT `analysis_ibfk_1` FOREIGN KEY (`package`) REFERENCES `apps` (`package`) ON DELETE CASCADE ON UPDATE CASCADE
) ENGINE=InnoDB DEFAULT CHARSET=latin1;
/*!40101 SET character_set_client = @saved_cs_client */;

--
-- Dumping data for table `analysis`
--

LOCK TABLES `analysis` WRITE;
/*!40000 ALTER TABLE `analysis` DISABLE KEYS */;
/*!40000 ALTER TABLE `analysis` ENABLE KEYS */;
UNLOCK TABLES;

--
-- Table structure for table `app_attsuf`
--

DROP TABLE IF EXISTS `app_attsuf`;
/*!40101 SET @saved_cs_client     = @@character_set_client */;
/*!40101 SET character_set_client = utf8 */;
CREATE TABLE `app_attsuf` (
  `id` int(11) NOT NULL AUTO_INCREMENT,
  `package` varchar(50) NOT NULL,
  `type_name` varchar(50) NOT NULL,
  `class` varchar(200) NOT NULL,
  `permission` varchar(200) NOT NULL,
  PRIMARY KEY (`id`),
  KEY `fk_app_attsuf_1_idx` (`package`),
  CONSTRAINT `fk_app_attsuf_1` FOREIGN KEY (`package`) REFERENCES `apps` (`package`) ON DELETE NO ACTION ON UPDATE NO ACTION
) ENGINE=InnoDB AUTO_INCREMENT=153 DEFAULT CHARSET=latin1;
/*!40101 SET character_set_client = @saved_cs_client */;

--
-- Dumping data for table `app_attsuf`
--

LOCK TABLES `app_attsuf` WRITE;
/*!40000 ALTER TABLE `app_attsuf` DISABLE KEYS */;
INSERT INTO `app_attsuf` VALUES (1,'com.jawbone.upopen','broadcast','com.apptentive.android.sdk.comm.NetworkStateReceiver','null'),(2,'com.jawbone.upopen','broadcast','com.google.android.gcm.GCMBroadcastReceiver','com.google.android.c2dm.permission.SEND'),(3,'com.jawbone.upopen','broadcast','com.jawbone.up.ConnectionListener','null'),(4,'com.jawbone.upopen','broadcast','com.jawbone.up.receivers.GCMNotificationClearReceiver','null'),(5,'com.jawbone.upopen','broadcast','com.jawbone.up.TimeZoneChangeReceiver','null'),(6,'com.jawbone.upopen','broadcast','com.jawbone.upopen.StartUpBootReceiver','null'),(7,'com.jawbone.upopen','broadcast','com.jawbone.up.bands.FirmwareControlReceiver','null'),(8,'com.jawbone.upopen','broadcast','com.jawbone.up.duel.DuelRemoteInviteHandler','null'),(9,'com.jawbone.upopen','broadcast','com.jawbone.up.RecoveryNotificationHandler','null'),(10,'com.jawbone.upopen','broadcast','com.jawbone.up.TeamMemberRequestNotificationHandler','null'),(11,'com.jawbone.upopen','broadcast','com.jawbone.up.receivers.CampaignReceiver','null'),(12,'com.jawbone.upopen','broadcast','com.google.android.gms.analytics.AnalyticsReceiver','null'),(13,'com.jawbone.upopen','activity','com.jawbone.up.oobe.LaunchActivity','null'),(14,'com.jawbone.upopen','activity','com.jawbone.up.oobe.SignInActivity','null'),(15,'com.jawbone.upopen','activity','com.jawbone.up.oobe.UPWizardActivity','null'),(16,'com.jawbone.upopen','activity','com.jawbone.up.oobe.WhatsNewOverlayActivity','null'),(17,'com.jawbone.upopen','activity','com.jawbone.up.main.ThirdPartyCallBackActivity','null'),(18,'com.jawbone.upopen','activity','com.jawbone.up.SCQActivity','null'),(19,'com.jawbone.upopen','activity','com.jawbone.up.duel.StartADuelActivity','null'),(20,'com.jawbone.upopen','activity','com.jawbone.up.payment.PaymentFragmentActivity','null'),(21,'com.jawbone.upopen','activity','com.jawbone.up.wxapi.WXEntryActivity','null'),(22,'com.jawbone.upopen','activity','com.jawbone.up.duel.DuelInvitationActivity','null'),(23,'com.jawbone.upopen','activity','com.jawbone.up.ClientConfigurationActivity','null'),(24,'com.jawbone.upopen','activity','com.google.zxing.client.android.CaptureActivity','null'),(25,'com.jawbone.upopen','activity','com.google.zxing.client.android.encode.EncodeActivity','null'),(26,'com.jawbone.upopen','activity','com.google.zxing.client.android.book.SearchBookContentsActivity','null'),(27,'com.jawbone.upopen','activity','com.google.zxing.client.android.share.AppPickerActivity','null'),(28,'com.jawbone.upopen','activity','com.google.zxing.client.android.HelpActivity','null'),(29,'com.jawbone.upopen','activity','com.facebook.CustomTabActivity','null'),(30,'fi.polar.polarflow','broadcast','fi.polar.polarflow.TimeChangedReceiver','null'),(31,'fi.polar.polarflow','activity','fi.polar.polarflow.activity.login.LoginActivity','null'),(32,'com.veclink.movnow.healthy_q2','service','com.veclink.movnow_q2.activity.MsgService','android.permission.BIND_ACCESSIBILITY_SERVICE'),(33,'com.veclink.movnow.healthy_q2','broadcast','com.veclink.movnow_q2.reveiver.RemindReceiver','null'),(34,'com.veclink.movnow.healthy_q2','broadcast','com.veclink.movnow_q2.reveiver.SmsAndPhoneReceiver','null'),(35,'com.veclink.movnow.healthy_q2','broadcast','com.veclink.movnow_q2.reveiver.NetWorkChangeReceiver','null'),(36,'com.veclink.movnow.healthy_q2','activity','cn.sharesdk.framework.ShareSDKUIShell','null'),(37,'com.veclink.movnow.healthy_q2','activity','com.veclink.movnow_q2.activity.LoadingActivity','null'),(38,'com.ks.wristband','activity','com.ks.wristband.StartActivity','null'),(39,'com.withings.wiscale2','service','com.google.android.gms.auth.api.signin.RevocationBoundService','com.google.android.gms.auth.api.signin.permission.REVOCATION_NOTIFICATION'),(40,'com.withings.wiscale2','broadcast','com.withings.wiscale2.device.common.model.BluetoothBondToSetupReceiver','null'),(41,'com.withings.wiscale2','broadcast','com.withings.comm.network.bluetooth.BluetoothStateManager$DefaultBluetoothStateManager','null'),(42,'com.withings.wiscale2','broadcast','com.withings.wiscale2.device.bluetooth.BluetoothServiceManager$BootReceiver','null'),(43,'com.withings.wiscale2','broadcast','com.withings.wiscale2.utils.TimeZoneReceiver','null'),(44,'com.withings.wiscale2','broadcast','com.withings.wiscale2.device.hwa.HwaConnector$AutoSyncReceiver','null'),(45,'com.withings.wiscale2','broadcast','com.withings.wiscale2.stepcounter.counter.google.GoogleStepCounter$AutoSyncReceiver','null'),(46,'com.withings.wiscale2','broadcast','com.withings.wiscale2.stepcounter.util.SensorListenerWrapper$SensorAlarmReceiver','null'),(47,'com.withings.wiscale2','broadcast','com.withings.wiscale2.device.wsd.notification.WsdWakeManager$DeviceAlarmUpdatedReceiver','null'),(48,'com.withings.wiscale2','broadcast','com.withings.wiscale2.device.SyncReminderNotificationManager$AlarmReceiver','null'),(49,'com.withings.wiscale2','broadcast','com.withings.wiscale2.device.SyncReminderNotificationManager$DeleteNotificationReceiver','null'),(50,'com.withings.wiscale2','broadcast','com.withings.wiscale2.device.wsd.notification.WsdActionBroadcastReceiver','null'),(51,'com.withings.wiscale2','broadcast','com.withings.wiscale2.discourse.HMDiscourseReceiver','null'),(52,'com.withings.wiscale2','broadcast','com.withings.wiscale2.notification.DeleteNotificationReceiver','null'),(53,'com.withings.wiscale2','broadcast','com.google.android.gms.gcm.GcmReceiver','com.google.android.c2dm.permission.SEND'),(54,'com.withings.wiscale2','broadcast','com.google.android.gms.measurement.AppMeasurementReceiver','null'),(55,'com.withings.wiscale2','activity','com.withings.wiscale2.MainActivity','null'),(56,'com.withings.wiscale2','activity','com.withings.wiscale2.StartActivity','null'),(57,'com.withings.wiscale2','activity','Target Activity: com.withings.wiscale2.MainActivity','com.withings.wiscale2.measure.goal.ui.WeightGoalActivity'),(58,'com.withings.wiscale2','activity','Permission: null','com.withings.wiscale2.measure.accountmeasure.ui.add.AddMeasureActivity'),(59,'com.withings.wiscale2','activity','Permission: null','com.withings.wiscale2.ui.activity.InvitationListActivity'),(60,'com.withings.wiscale2','activity','Parent Activity: com.withings.wiscale2.MainActivity','null'),(61,'com.withings.wiscale2','activity','com.withings.wiscale2.device.common.ui.DeviceInfoActivity','null'),(62,'com.withings.wiscale2','activity','com.withings.wiscale2.device.common.ui.SetupChooseDeviceActivity','null'),(63,'com.withings.wiscale2','activity','com.withings.wiscale2.measure.goal.ui.StepGoalActivity','null'),(64,'com.withings.wiscale2','activity','com.withings.wiscale2.device.hwa.ui.HwaSetupActivity','null'),(65,'com.withings.wiscale2','activity','com.withings.wiscale2.device.scale.ui.ScaleSharingActivity','null'),(66,'com.withings.wiscale2','activity','com.withings.wiscale2.activity.logging.ui.EditManualTrackActivity','null'),(67,'com.activ8rlives.mobile','service','md59c9fc1ab4ea849cc2192917371fb51dd.LocalNotificationService','android.permission.BIND_NOTIFICATION_LISTENER_SERVICE'),(68,'com.activ8rlives.mobile','broadcast','md576a741cde7214fb5b0800fd6c5983d70.BTStatusReceiver','null'),(69,'com.activ8rlives.mobile','activity','md59c9fc1ab4ea849cc2192917371fb51dd.SplashScreenActivity','null'),(70,'com.medm.medmwt.diary','broadcast','com.medm.medmwt.diary.AlarmReceiver','null'),(71,'com.medm.medmwt.diary','broadcast','com.medm.medmwt.diary.SystemEventReceiver','null'),(72,'com.medm.medmwt.diary','broadcast','com.google.android.gms.gcm.GcmReceiver','com.google.android.c2dm.permission.SEND'),(73,'com.medm.medmwt.diary','activity','com.medm.medmwt.diary.HealthActivity','null'),(74,'com.stabxtom.thomson','broadcast','com.xpg.lifesense.receiver.LanguageReceiver','null'),(75,'com.stabxtom.thomson','activity','com.xpg.lifesense.LWelcomeActivity','null'),(76,'com.fitbit.FitbitMobile','service','com.fitbit.dncs.observers.AllAppNotificationListenerService','android.permission.BIND_NOTIFICATION_LISTENER_SERVICE'),(77,'com.fitbit.FitbitMobile','broadcast','com.google.android.gcm.GCMBroadcastReceiver','com.google.android.c2dm.permission.SEND'),(78,'com.fitbit.FitbitMobile','broadcast','com.fitbit.galileo.service.BootCompletedReceiver','null'),(79,'com.fitbit.FitbitMobile','broadcast','com.fitbit.widget.PrimaryGoalWidgetProvider','null'),(80,'com.fitbit.FitbitMobile','broadcast','com.fitbit.widget.QuickAccessWidgetProvider','null'),(81,'com.fitbit.FitbitMobile','broadcast','com.fitbit.FitbitMobile.NetworkStateReceiver','null'),(82,'com.fitbit.FitbitMobile','broadcast','com.google.android.gms.analytics.CampaignTrackingReceiver','null'),(83,'com.fitbit.FitbitMobile','broadcast','com.fitbit.FitbitMobile.GpsStatusReceiver','null'),(84,'com.fitbit.FitbitMobile','broadcast','com.fitbit.onboarding.phone.SmsVerificationBroadcastReceiver','null'),(85,'com.fitbit.FitbitMobile','broadcast','com.fitbit.sleep.SleepAlarmRescheduleReceiver','null'),(86,'com.fitbit.FitbitMobile','activity','com.fitbit.onboarding.landing.LandingActivity','null'),(87,'com.fitbit.FitbitMobile','activity','com.fitbit.runtrack.ui.RecordExerciseSessionActivity','null'),(88,'com.fitbit.FitbitMobile','activity','com.fitbit.sleep.ui.landing.SleepLoggingLandingActivity','null'),(89,'com.fitbit.FitbitMobile','activity','com.fitbit.sedentary.onboarding.SedentaryTimeOnboardingActivity','null'),(90,'com.fitbit.FitbitMobile','activity','com.fitbit.friends.ui.FriendFinderActivity','null'),(91,'com.fitbit.FitbitMobile','activity','com.fitbit.widget.QuickAccessAppWidgetConfigure','null'),(92,'com.zensorium.tinke','activity','com.pn.zensorium.tinke.SplashScreenActivity','null'),(93,'com.zensorium.tinke','activity','com.pn.zensorium.tinke.shout.ShoutsActivity','null'),(94,'com.garmin.android.apps.connectmobile','service','com.garmin.android.apps.connectmobile.sync.DeviceSyncService','null'),(95,'com.garmin.android.apps.connectmobile','service','com.garmin.android.gncs.GNCSListenerService','android.permission.BIND_NOTIFICATION_LISTENER_SERVICE'),(96,'com.garmin.android.apps.connectmobile','service','com.garmin.android.apps.connectmobile.smartrequest.MusicControlService','null'),(97,'com.garmin.android.apps.connectmobile','service','com.garmin.android.apps.connectmobile.connectiq.ConnectIQService','null'),(98,'com.garmin.android.apps.connectmobile','service','com.garmin.android.apps.connectmobile.livetracking.LiveTrackEndGCSSessionTaskService','com.google.android.gms.permission.BIND_NETWORK_TASK_SERVICE'),(99,'com.garmin.android.apps.connectmobile','service','com.garmin.android.apps.connectmobile.notifications.system.LocationServicesOnTaskService','com.google.android.gms.permission.BIND_NETWORK_TASK_SERVICE'),(100,'com.garmin.android.apps.connectmobile','service','com.garmin.android.apps.connectmobile.livetracking.LiveTrackUploadRemainingTrackPointsTaskService','com.google.android.gms.permission.BIND_NETWORK_TASK_SERVICE'),(101,'com.garmin.android.apps.connectmobile','broadcast','com.garmin.android.apps.connectmobile.smartrequest.ScreenReceiver','null'),(102,'com.garmin.android.apps.connectmobile','broadcast','com.garmin.android.apps.connectmobile.smartrequest.SmartRequestReceiver','null'),(103,'com.garmin.android.apps.connectmobile','broadcast','com.garmin.android.apps.connectmobile.LocaleBroadcastReceiver','null'),(104,'com.garmin.android.apps.connectmobile','broadcast','com.garmin.android.apps.connectmobile.BluetoothStateChangedBroadcastReceiver','null'),(105,'com.garmin.android.apps.connectmobile','broadcast','com.garmin.android.apps.connectmobile.GNCSBroadcastReceiver','null'),(106,'com.garmin.android.apps.connectmobile','broadcast','com.garmin.android.apps.connectmobile.gncs.GfdiMessageReceiver','com.garmin.android.gncs.RECEIVE_BROADCASTS'),(107,'com.garmin.android.apps.connectmobile','broadcast','com.garmin.android.apps.connectmobile.BootStartupReceiver','null'),(108,'com.garmin.android.apps.connectmobile','broadcast','com.garmin.android.apps.connectmobile.gfdi.protobuf.ProtobufMessageReceiver','null'),(109,'com.garmin.android.apps.connectmobile','broadcast','com.garmin.android.apps.connectmobile.golf.GolfCourseFileDownloadReceiver','null'),(110,'com.garmin.android.apps.connectmobile','broadcast','com.garmin.android.apps.connectmobile.devices.GarminDeviceGDIAuthenticationBroadcastReceiver','com.garmin.android.apps.connectmobile.permission.RECEIVE_BROADCASTS'),(111,'com.garmin.android.apps.connectmobile','broadcast','com.garmin.android.apps.connectmobile.devices.GarminDeviceBroadcastReceiver','com.garmin.android.apps.connectmobile.permission.RECEIVE_BROADCASTS'),(112,'com.garmin.android.apps.connectmobile','broadcast','com.garmin.android.apps.connectmobile.permissions.GarminDevicePermissionsReceiver','com.garmin.android.apps.connectmobile.permission.RECEIVE_BROADCASTS'),(113,'com.garmin.android.apps.connectmobile','broadcast','com.garmin.android.apps.connectmobile.sync.DeviceSyncReceiver','com.garmin.android.apps.connectmobile.permission.RECEIVE_BROADCASTS'),(114,'com.garmin.android.apps.connectmobile','broadcast','com.garmin.android.apps.connectmobile.BluetoothInBadStateBroadcastReceiver','com.garmin.android.apps.connectmobile.permission.RECEIVE_BROADCASTS'),(115,'com.garmin.android.apps.connectmobile','broadcast','com.garmin.android.apps.connectmobile.weather.WeatherTasks','com.garmin.android.apps.connectmobile.permission.RECEIVE_BROADCASTS'),(116,'com.garmin.android.apps.connectmobile','broadcast','com.google.android.gms.gcm.GcmReceiver','com.google.android.c2dm.permission.SEND'),(117,'com.garmin.android.apps.connectmobile','broadcast','com.garmin.android.apps.connectmobile.sync.AutoSyncScheduler','null'),(118,'com.garmin.android.apps.connectmobile','broadcast','com.garmin.android.apps.connectmobile.TimeChangeReceiver','null'),(119,'com.garmin.android.apps.connectmobile','broadcast','com.google.android.gms.measurement.AppMeasurementReceiver','null'),(120,'com.garmin.android.apps.connectmobile','activity','com.garmin.android.apps.connectmobile.GCMActivityStartup','null'),(121,'com.garmin.android.apps.connectmobile','activity','com.garmin.android.apps.connectmobile.LegalGatewayFragmentActivity','null'),(122,'com.garmin.android.apps.connectmobile','activity','com.garmin.android.apps.connectmobile.devices.setup.GDIAuthPairingAndroidNotificationPressedActivity','null'),(123,'com.garmin.android.apps.connectmobile','activity','com.garmin.android.apps.connectmobile.connectiq.ConnectIQAppStoreActivity','null'),(124,'com.garmin.android.apps.connectmobile','activity','com.garmin.android.apps.connectmobile.calories.CaloriesLinkAccountsActivity','null'),(125,'com.garmin.android.apps.connectmobile','activity','com.garmin.android.lib.authtokens.accounts.TwitterSignInActivity','null'),(126,'com.garmin.android.apps.connectmobile','activity','com.garmin.android.apps.connectmobile.smartrequest.FindMyPhoneActivity','null'),(127,'com.garmin.android.apps.connectmobile','activity','com.garmin.android.apps.connectmobile.settings.GCMSettingsThirdPartyAppsActivity','null'),(128,'com.garmin.android.apps.connectmobile','activity','com.garmin.android.apps.connectmobile.gsm.GSMRedirectActivity','null'),(129,'com.garmin.android.apps.connectmobile','activity','com.garmin.android.apps.connectmobile.startup.WebLinkHandlerActivity','null'),(130,'com.garmin.android.apps.connectmobile','activity','org.achartengine.chartdemo.demo.ChartDemo','null'),(131,'com.garmin.android.apps.connectmobile','activity','com.facebook.CustomTabActivity','null'),(132,'com.mioglobal.android.miogo','service','com.oeday.miogo.account.AccountAuthenticatorService','null'),(133,'com.mioglobal.android.miogo','service','com.oeday.miogo.sync.SyncService','null'),(134,'com.mioglobal.android.miogo','broadcast','com.google.android.gms.analytics.AnalyticsReceiver','null'),(135,'com.mioglobal.android.miogo','broadcast','com.oeday.miogo.LocaleChangeReceiver','null'),(136,'com.mioglobal.android.miogo','activity','com.oeday.miogo.MainActivity','null'),(137,'com.microsoft.kapp','service','com.microsoft.band.service.BandService','android.permission.BLUETOOTH'),(138,'com.microsoft.kapp','service','microsoft.health.app.xamarinandroid.systemservices.HealthAppNotificationListenerService','android.permission.BIND_NOTIFICATION_LISTENER_SERVICE'),(139,'com.microsoft.kapp','broadcast','com.microsoft.band.service.BluetoothWatcher','null'),(140,'com.microsoft.kapp','broadcast','com.google.android.gms.gcm.GcmReceiver','com.google.android.c2dm.permission.SEND'),(141,'com.microsoft.kapp','broadcast','com.google.android.gms.measurement.AppMeasurementReceiver','null'),(142,'com.microsoft.kapp','broadcast','md58b0af4842c0a075965bff7ca067ad183.HealthAppBroadcastReceiver','null'),(143,'com.microsoft.kapp','broadcast','md54eb69ce25ee2eeffae5d158a2fe9b999.AndroidNetworkService','null'),(144,'com.microsoft.kapp','provider','Authority: com.facebook.app.FacebookContentProvider1537258739822978','Read null'),(145,'com.microsoft.kapp','provider','Write Permission: null','Content Provider: com.facebook.FacebookContentProvider'),(146,'com.microsoft.kapp','provider','Multiprocess Allowed: False','Grant Uri Permissions: False'),(147,'com.microsoft.kapp','activity','md516f7e08bb9ba2864a12b57ce83108390.FullScreenWebTileActivity','null'),(148,'com.microsoft.kapp','activity','md54eb69ce25ee2eeffae5d158a2fe9b999.AndroidDeepLinkRouterActivity','null'),(149,'com.microsoft.kapp','activity','md516f7e08bb9ba2864a12b57ce83108390.NotificationLaunchActivity','null'),(150,'com.microsoft.kapp','activity','microsoft.health.app.xamarinandroid.activities.SplashActivity','null'),(151,'com.hapiconnect','activity','com.hapi.ui.acitvity.LoginActivity','null'),(152,'com.hapiconnect','activity','cn.sharesdk.demo.wxapi.WXEntryActivity','null');
/*!40000 ALTER TABLE `app_attsuf` ENABLE KEYS */;
UNLOCK TABLES;

--
-- Table structure for table `app_perm`
--

DROP TABLE IF EXISTS `app_perm`;
/*!40101 SET @saved_cs_client     = @@character_set_client */;
/*!40101 SET character_set_client = utf8 */;
CREATE TABLE `app_perm` (
  `id_app` int(11) NOT NULL,
  `id_perm` int(11) NOT NULL,
  PRIMARY KEY (`id_app`,`id_perm`),
  KEY `id_app` (`id_app`),
  KEY `id_perm` (`id_perm`)
) ENGINE=InnoDB DEFAULT CHARSET=latin1;
/*!40101 SET character_set_client = @saved_cs_client */;

--
-- Dumping data for table `app_perm`
--

LOCK TABLES `app_perm` WRITE;
/*!40000 ALTER TABLE `app_perm` DISABLE KEYS */;
INSERT INTO `app_perm` VALUES (196,426),(196,427),(196,428),(196,429),(196,430),(196,431),(196,432),(196,433),(196,434),(196,435),(196,436),(196,437),(196,438),(196,439),(196,440),(196,441),(196,442),(196,443),(196,444),(196,445),(196,446),(196,447),(196,448),(196,449),(197,429),(197,430),(197,431),(197,432),(197,433),(197,434),(197,436),(197,442),(197,443),(197,445),(197,446),(197,449),(198,429),(198,430),(198,434),(198,436),(198,440),(198,442),(198,443),(198,446),(198,447),(198,448),(198,449),(198,450),(198,451),(198,452),(198,453),(198,454),(198,455),(198,456),(198,457),(198,458),(198,459),(198,460),(198,461),(198,462),(198,463),(198,464),(198,465),(198,466),(199,429),(199,430),(199,434),(199,442),(199,443),(199,446),(199,449),(199,451),(200,426),(200,427),(200,429),(200,430),(200,431),(200,432),(200,433),(200,434),(200,439),(200,440),(200,441),(200,442),(200,443),(200,447),(200,448),(200,449),(200,451),(200,467),(201,429),(201,430),(201,431),(201,432),(201,434),(201,437),(201,442),(201,443),(201,445),(201,449),(201,451),(201,468),(201,469),(202,427),(202,429),(202,432),(202,433),(202,434),(202,439),(202,442),(202,443),(202,449),(202,460),(202,470),(202,471),(202,472),(202,473),(203,429),(203,430),(203,434),(203,441),(203,442),(203,443),(203,446),(203,447),(203,448),(203,449),(203,451),(203,452),(203,460),(203,474),(204,427),(204,429),(204,430),(204,431),(204,433),(204,434),(204,436),(204,439),(204,440),(204,442),(204,443),(204,445),(204,446),(204,447),(204,449),(204,461),(204,472),(204,475),(205,429),(205,430),(205,432),(205,433),(205,434),(205,436),(205,440),(205,442),(205,443),(205,449),(205,451),(205,460),(206,427),(206,429),(206,430),(206,431),(206,432),(206,433),(206,434),(206,435),(206,436),(206,439),(206,440),(206,441),(206,442),(206,443),(206,445),(206,446),(206,447),(206,449),(206,466),(206,471),(206,476),(206,477),(206,478),(206,479),(206,480),(206,481),(206,482),(207,429),(207,430),(207,431),(207,432),(207,434),(207,442),(207,443),(207,449),(208,427),(208,429),(208,430),(208,431),(208,432),(208,433),(208,434),(208,436),(208,439),(208,442),(208,443),(208,446),(208,449),(208,451),(208,460),(208,461),(208,465),(208,480),(208,483),(208,484),(208,485),(208,486),(208,487),(208,488),(349,429),(349,430),(349,434),(349,440),(349,441),(349,442),(349,443),(349,446),(349,447),(349,448),(349,449),(349,450),(349,451),(349,452),(349,454),(349,456),(349,460),(349,469),(349,479),(349,489),(351,429),(351,430),(351,433),(351,434),(351,436),(351,437),(351,439),(351,441),(351,449),(351,451),(351,461),(351,490),(351,491),(372,427),(372,429),(372,430),(372,434),(372,447),(372,449);
/*!40000 ALTER TABLE `app_perm` ENABLE KEYS */;
UNLOCK TABLES;

--
-- Table structure for table `apps`
--

DROP TABLE IF EXISTS `apps`;
/*!40101 SET @saved_cs_client     = @@character_set_client */;
/*!40101 SET character_set_client = utf8 */;
CREATE TABLE `apps` (
  `id` int(5) NOT NULL AUTO_INCREMENT,
  `label` varchar(512) NOT NULL,
  `package` varchar(80) NOT NULL COMMENT 'Package name as extracted from apk',
  `version` varchar(255) DEFAULT NULL,
  `versioncode` varchar(100) DEFAULT NULL COMMENT 'Version Code out of manifest',
  `filesize` int(15) DEFAULT NULL COMMENT 'File size in Byte',
  `timestamp` timestamp NOT NULL DEFAULT CURRENT_TIMESTAMP COMMENT 'Timestamp of last change',
  `path_to_icon` varchar(50) DEFAULT NULL,
  `path_to_apk` varchar(500) DEFAULT NULL COMMENT 'full path to apk file',
  `comment` text COMMENT 'any addition comment',
  PRIMARY KEY (`id`),
  UNIQUE KEY `package name` (`package`)
) ENGINE=InnoDB AUTO_INCREMENT=476 DEFAULT CHARSET=latin1;
/*!40101 SET character_set_client = @saved_cs_client */;

--
-- Dumping data for table `apps`
--

LOCK TABLES `apps` WRITE;
/*!40000 ALTER TABLE `apps` DISABLE KEYS */;
INSERT INTO `apps` VALUES (196,'UP® – Smart Coach for Health','com.jawbone.upopen','4.19.0','51630',58439808,'2016-07-01 18:56:29','res/drawable-hdpi-v4/app_icon.png','/media/exthdd/apps/com.jawbone.upopen/com.jawbone.upopen.apk',NULL),(197,'Polar Flow - Activity & Sports','fi.polar.polarflow','3.1','31000',31116077,'2016-07-01 18:56:33','res/drawable-mdpi-v4/polar_flow_app_icon.png','/media/exthdd/apps/fi.polar.polarflow/fi.polar.polarflow.apk',NULL),(198,'movnow plus','com.veclink.movnow.healthy_q2','3.7.9','379',14266063,'2016-07-01 18:56:38','res/drawable-hdpi/ic_launcher.png','/media/exthdd/apps/com.veclink.movnow.healthy_q2/com.veclink.movnow.healthy_q2.apk',NULL),(199,'VeryFit','com.ks.wristband','1.2.5','14',1112598,'2016-07-01 18:56:42','res/drawable-hdpi-v4/ic_launcher.png','/media/exthdd/apps/com.ks.wristband/com.ks.wristband.apk',NULL),(200,'Health Mate','com.withings.wiscale2','2.16','2160013',40909596,'2016-07-01 18:56:48','res/drawable-mdpi-v4/ic_launcher.png','/media/exthdd/apps/com.withings.wiscale2/com.withings.wiscale2.apk',NULL),(201,'Activ8rlives Health & Food','com.activ8rlives.mobile','3.16.4','42',49466872,'2016-07-01 18:56:56','res/drawable/icon.png','/media/exthdd/apps/com.activ8rlives.mobile/com.activ8rlives.mobile.apk',NULL),(202,'MedM Weight','com.medm.medmwt.diary','2.0.26','104',17552364,'2016-07-01 18:57:05','res/drawable-mdpi-v4/icon.png','/media/exthdd/apps/com.medm.medmwt.diary/com.medm.medmwt.diary.apk',NULL),(203,'Thomson Healthcare','com.stabxtom.thomson','v1.1-B018','12',12075765,'2016-07-01 18:57:10','res/drawable-hdpi/ic_launcher.png','/media/exthdd/apps/com.stabxtom.thomson/com.stabxtom.thomson.apk',NULL),(204,'Fitbit','com.fitbit.FitbitMobile','2.28','2182996',21788021,'2016-07-01 18:57:17','res/mipmap-mdpi-v4/ic_launcher.png','/media/exthdd/apps/com.fitbit.FitbitMobile/com.fitbit.FitbitMobile.apk',NULL),(205,'Tinké','com.zensorium.tinke','5.1.0','10',18402240,'2016-07-01 18:57:24','res/drawable-xhdpi-v4/ic_launcher.png','/media/exthdd/apps/com.zensorium.tinke/com.zensorium.tinke.apk',NULL),(206,'Garmin Connect™ Mobile','com.garmin.android.apps.connectmobile','3.7.0.3','1765',47567921,'2016-07-01 18:57:31','res/drawable-mdpi-v4/icon_connect.png','/media/exthdd/apps/com.garmin.android.apps.connectmobile/com.garmin.android.apps.connectmobile.apk',NULL),(207,'Mio GO','com.mioglobal.android.miogo','2.6.2','81',9377649,'2016-07-01 18:57:43','res/drawable-mdpi-v4/ic_launcher.png','/media/exthdd/apps/com.mioglobal.android.miogo/com.mioglobal.android.miogo.apk',NULL),(208,'Microsoft Health','com.microsoft.kapp','1.3.20617.2','32',76505029,'2016-07-06 17:26:39','res/drawable-mdpi-v4/launchericon.png','/media/exthdd/apps/com.microsoft.kapp/com.microsoft.kapp.apk',NULL),(349,'HAPI Connect','com.hapiconnect','1.2.8_US_server','8',3261464,'2016-07-08 15:54:41','res/drawable-mdpi-v4/ic_launcher.png','/media/exthdd/apps/com.hapiconnect/com.hapiconnect.apk',NULL);
/*!40000 ALTER TABLE `apps` ENABLE KEYS */;
UNLOCK TABLES;

--
-- Table structure for table `certificates`
--

DROP TABLE IF EXISTS `certificates`;
/*!40101 SET @saved_cs_client     = @@character_set_client */;
/*!40101 SET character_set_client = utf8 */;
CREATE TABLE `certificates` (
  `package` varchar(80) NOT NULL COMMENT 'Package name as extracted from apk',
  `timestamp` timestamp NOT NULL DEFAULT CURRENT_TIMESTAMP COMMENT 'Timestamp of last change',
  `cert_version` int(1) DEFAULT NULL,
  `cert_sig_algo` varchar(40) DEFAULT NULL,
  `cert_issuer` varchar(200) DEFAULT NULL,
  `cert_subject` varchar(200) DEFAULT NULL,
  `cert_nb` varchar(50) DEFAULT '0000-00-00 00:00:00' COMMENT 'validity: not before',
  `cert_na` varchar(50) DEFAULT '0000-00-00 00:00:00' COMMENT 'validity not after',
  `cert_pka` varchar(50) DEFAULT NULL,
  `cert_pkl` int(5) DEFAULT NULL,
  `cert_sn` varchar(100) DEFAULT NULL,
  UNIQUE KEY `package name` (`package`),
  CONSTRAINT `certificates_ibfk_1` FOREIGN KEY (`package`) REFERENCES `apps` (`package`) ON DELETE CASCADE ON UPDATE CASCADE
) ENGINE=InnoDB DEFAULT CHARSET=latin1;
/*!40101 SET character_set_client = @saved_cs_client */;

--
-- Dumping data for table `certificates`
--

LOCK TABLES `certificates` WRITE;
/*!40000 ALTER TABLE `certificates` DISABLE KEYS */;
INSERT INTO `certificates` VALUES ('com.activ8rlives.mobile','2016-07-04 15:51:35',3,'dsaWithSHA1','C=UK, ST=Cambridgeshire, L=Huntingdon, O=Aseptika Ltd, OU=Activ8rlives, CN=Kevin','C=UK, ST=Cambridgeshire, L=Huntingdon, O=Aseptika Ltd, OU=Activ8rlives, CN=Kevin','Oct 16 17:31:28 2012','Mar  3 17:31:28 2040','dsaEncryption',0,'1350408688 (0x507d99f0)'),('com.fitbit.FitbitMobile','2016-07-04 14:27:17',3,'sha1WithRSAEncryption','C=US, ST=California, L=San Francisco, O=Fitbit, Inc., OU=Unknown,','C=US, ST=California, L=San Francisco, O=Fitbit, Inc., OU=Unknown,','Mar 16 21:17:50 2012','Dec 18 21:17:50 2066','rsaEncryption',2048,'1331932670 (0x4f63adfe)'),('com.garmin.android.apps.connectmobile','2016-07-04 14:27:17',1,'md5WithRSAEncryption','C=US, ST=KS, L=Olathe, O=Garmin','C=US, ST=KS, L=Olathe, O=Garmin','Oct 27 21:46:03 2010','Oct  3 21:46:03 2110','rsaEncryption',1024,'1288215963 (0x4cc89d9b)'),('com.jawbone.upopen','2016-07-04 14:27:16',3,'sha1WithRSAEncryption','C=US, ST=California, L=San Francisco, O=AliphCom, OU=Technology,','C=US, ST=California, L=San Francisco, O=AliphCom, OU=Technology,','May 25 23:25:42 2011','Oct 10 23:25:42 2038','rsaEncryption',2048,'1306365942 (0x4ddd8ff6)'),('com.ks.wristband','2016-07-04 14:27:17',3,'sha256WithRSAEncryption','C=zh, ST=guangdong, L=shenzhen, O=youduoyun, OU=youduoyun,','C=zh, ST=guangdong, L=shenzhen, O=youduoyun, OU=youduoyun,','Sep 30 03:22:02 2014','Sep  6 03:22:02 2114','rsaEncryption',2048,'1572401088 (0x5db8efc0)'),('com.medm.medmwt.diary','2016-07-04 15:51:35',3,'dsaWithSHA1','C=CH, ST=Zug, L=Zug, O=Swissmed Mobile AG, OU=Unknown, CN=Michael','C=CH, ST=Zug, L=Zug, O=Swissmed Mobile AG, OU=Unknown, CN=Michael','Sep  4 10:47:31 2013','Jun  7 10:47:31 2068','dsaEncryption',0,'2078463580 (0x7be2d65c)'),('com.mioglobal.android.miogo','2016-07-04 14:27:17',3,'sha1WithRSAEncryption','C=CA, L=Vancouver, O=Mio Global (Physical Enterprises), OU=Mio Global (Physical Enterprises),','C=CA, L=Vancouver, O=Mio Global (Physical Enterprises), OU=Mio Global (Physical Enterprises),','Apr  4 06:49:59 2014','Mar 29 06:49:59 2039','rsaEncryption',1024,'1396594199 (0x533e5617)'),('com.stabxtom.thomson','2016-07-04 14:27:17',3,'sha256WithRSAEncryption','O=Thomson','O=Thomson','Sep  3 09:40:21 2014','Aug 21 09:40:21 2064','rsaEncryption',2048,'884689147 (0x34bb48fb)'),('com.veclink.movnow.healthy_q2','2016-07-04 14:27:17',3,'sha256WithRSAEncryption','C=CN, ST=xE5xB9xBFxE4xB8x9CxE7x9Cx81, L=xE6xB7xB1xE5x9CxB3, O=veclink, OU=veclink,','C=CN, ST=xE5xB9xBFxE4xB8x9CxE7x9Cx81, L=xE6xB7xB1xE5x9CxB3, O=veclink, OU=veclink,','Apr 14 11:41:54 2014','Mar 21 11:41:54 2114','rsaEncryption',2048,'718984583 (0x2adad587)'),('com.withings.wiscale2','2016-07-04 14:27:17',3,'sha1WithRSAEncryption','C=33, ST=92, L=Issy les Moulineaux, O=R&D, OU=Mobile Soft, CN=Carlos','C=33, ST=92, L=Issy les Moulineaux, O=R&D, OU=Mobile Soft, CN=Carlos','Oct 28 16:00:10 2010','Oct 15 16:00:10 2060','rsaEncryption',1024,'1288281610 (0x4cc99e0a)'),('com.zensorium.tinke','2016-07-04 14:27:17',3,'sha256WithRSAEncryption','(None,)','(None,)','Sep 27 03:04:53 2013','Aug 11 03:04:53 2211','rsaEncryption',2048,'1996505014 (0x77003fb6)'),('fi.polar.polarflow','2016-07-04 14:27:17',3,'sha1WithRSAEncryption','O=Polar Electro','O=Polar Electro','Mar 27 10:40:48 2014','Mar 14 10:40:48 2064','rsaEncryption',1024,'1395916848 (0x53340030)');
/*!40000 ALTER TABLE `certificates` ENABLE KEYS */;
UNLOCK TABLES;

--
-- Table structure for table `code_analysis`
--

DROP TABLE IF EXISTS `code_analysis`;
/*!40101 SET @saved_cs_client     = @@character_set_client */;
/*!40101 SET character_set_client = utf8 */;
CREATE TABLE `code_analysis` (
  `package` varchar(80) NOT NULL,
  `debuggable` varchar(1) DEFAULT NULL COMMENT 'App set as debuggable in manifest',
  `contentprovider_used` varchar(1) DEFAULT NULL,
  `contentprovider_accessible` varchar(1) DEFAULT NULL,
  `contentprovider_gives_medical_app` varchar(1) DEFAULT NULL,
  `malware` int(1) DEFAULT NULL COMMENT 'Identified as malware or pup',
  UNIQUE KEY `package` (`package`),
  CONSTRAINT `code_analysis_ibfk_1` FOREIGN KEY (`package`) REFERENCES `apps` (`package`) ON DELETE CASCADE ON UPDATE CASCADE
) ENGINE=InnoDB DEFAULT CHARSET=latin1 COMMENT='stores results of source code analysis';
/*!40101 SET character_set_client = @saved_cs_client */;

--
-- Dumping data for table `code_analysis`
--

LOCK TABLES `code_analysis` WRITE;
/*!40000 ALTER TABLE `code_analysis` DISABLE KEYS */;
INSERT INTO `code_analysis` VALUES ('com.activ8rlives.mobile','n',NULL,NULL,NULL,NULL),('com.fitbit.FitbitMobile','n',NULL,NULL,NULL,NULL),('com.garmin.android.apps.connectmobile','n',NULL,NULL,NULL,NULL),('com.hapiconnect','n',NULL,NULL,NULL,NULL),('com.jawbone.upopen','n',NULL,NULL,NULL,NULL),('com.ks.wristband','n',NULL,NULL,NULL,NULL),('com.medm.medmwt.diary','n',NULL,NULL,NULL,NULL),('com.microsoft.kapp','n',NULL,NULL,NULL,NULL),('com.mioglobal.android.miogo','n',NULL,NULL,NULL,NULL),('com.stabxtom.thomson','n',NULL,NULL,NULL,NULL),('com.veclink.movnow.healthy_q2','n',NULL,NULL,NULL,NULL),('com.withings.wiscale2','n',NULL,NULL,NULL,NULL),('com.zensorium.tinke','n',NULL,NULL,NULL,NULL),('fi.polar.polarflow','n',NULL,NULL,NULL,NULL);
/*!40000 ALTER TABLE `code_analysis` ENABLE KEYS */;
UNLOCK TABLES;

--
-- Table structure for table `crypto`
--

DROP TABLE IF EXISTS `crypto`;
/*!40101 SET @saved_cs_client     = @@character_set_client */;
/*!40101 SET character_set_client = utf8 */;
CREATE TABLE `crypto` (
  `package` varchar(100) NOT NULL,
  `class` varchar(200) DEFAULT NULL,
  `keyword` varchar(20) DEFAULT NULL,
  `time` timestamp NOT NULL DEFAULT CURRENT_TIMESTAMP,
  `obfuscation` int(1) DEFAULT NULL COMMENT 'Is Proguard obfuscation used in app',
  UNIQUE KEY `3tuple` (`package`,`class`,`keyword`),
  KEY `package` (`package`),
  CONSTRAINT `crypto_ibfk_1` FOREIGN KEY (`package`) REFERENCES `apps` (`package`) ON DELETE CASCADE ON UPDATE CASCADE
) ENGINE=InnoDB DEFAULT CHARSET=latin1 COMMENT='Stores info about crypto usage of apps';
/*!40101 SET character_set_client = @saved_cs_client */;

--
-- Dumping data for table `crypto`
--

LOCK TABLES `crypto` WRITE;
/*!40000 ALTER TABLE `crypto` DISABLE KEYS */;
/*!40000 ALTER TABLE `crypto` ENABLE KEYS */;
UNLOCK TABLES;

--
-- Temporary view structure for view `experiment_overview`
--

DROP TABLE IF EXISTS `experiment_overview`;
/*!50001 DROP VIEW IF EXISTS `experiment_overview`*/;
SET @saved_cs_client     = @@character_set_client;
SET character_set_client = utf8;
/*!50001 CREATE VIEW `experiment_overview` AS SELECT 
 1 AS `id`,
 1 AS `package`,
 1 AS `time`,
 1 AS `test_case`,
 1 AS `c1`,
 1 AS `order`,
 1 AS `test_step`,
 1 AS `c2`*/;
SET character_set_client = @saved_cs_client;

--
-- Table structure for table `experiment_test_cases`
--

DROP TABLE IF EXISTS `experiment_test_cases`;
/*!40101 SET @saved_cs_client     = @@character_set_client */;
/*!40101 SET character_set_client = utf8 */;
CREATE TABLE `experiment_test_cases` (
  `name` varchar(100) NOT NULL,
  `short_desc` text NOT NULL,
  `long_desc` text NOT NULL,
  PRIMARY KEY (`name`)
) ENGINE=InnoDB DEFAULT CHARSET=latin1;
/*!40101 SET character_set_client = @saved_cs_client */;

--
-- Dumping data for table `experiment_test_cases`
--

LOCK TABLES `experiment_test_cases` WRITE;
/*!40000 ALTER TABLE `experiment_test_cases` DISABLE KEYS */;
INSERT INTO `experiment_test_cases` VALUES ('av1_data_trans','testing attacks on the data communication such as replay attacks','any kind of attacks on network traffic such as session steeling, replay or broad casting attacks'),('av2_mobile_device','mobile device related software and firmware tests',''),('av3_mobile_app','various android vulnerabilities such as SSL implementations, content loading, over privileged apps, intents',''),('av4_third_party','forging fitness results for financial gain',''),('av5_sensor_device','on device software and firmware related tests',''),('av6_web_application','vendor-supplied web applications for data storage, analysis and information sharing',''),('sol_arch','solution architecture with general comments on data collection and flow','collect some data using the sensor device and show it on the device itself\r\nif data is synchronised to a web server provide some information on that process\r\nwhat is the characteristics of the collected data');
/*!40000 ALTER TABLE `experiment_test_cases` ENABLE KEYS */;
UNLOCK TABLES;

--
-- Table structure for table `experiment_test_steps`
--

DROP TABLE IF EXISTS `experiment_test_steps`;
/*!40101 SET @saved_cs_client     = @@character_set_client */;
/*!40101 SET character_set_client = utf8 */;
CREATE TABLE `experiment_test_steps` (
  `name` varchar(50) NOT NULL,
  `order` int(11) NOT NULL,
  `test_case` varchar(50) NOT NULL,
  `short_desc` varchar(100) NOT NULL,
  `rating` text NOT NULL,
  `long_desc` text,
  PRIMARY KEY (`name`),
  KEY `fk_experiment_test_steps_1_idx` (`test_case`),
  CONSTRAINT `fk_experiment_test_steps_1` FOREIGN KEY (`test_case`) REFERENCES `experiment_test_cases` (`name`) ON DELETE NO ACTION ON UPDATE CASCADE
) ENGINE=InnoDB DEFAULT CHARSET=latin1;
/*!40101 SET character_set_client = @saved_cs_client */;

--
-- Dumping data for table `experiment_test_steps`
--

LOCK TABLES `experiment_test_steps` WRITE;
/*!40000 ALTER TABLE `experiment_test_steps` DISABLE KEYS */;
INSERT INTO `experiment_test_steps` VALUES ('av1_inject',30,'av1_data_trans','inject new data to the stream','','injecting data to the stream which is purely created by an attacker and not generated by the benign origin'),('av1_replay',10,'av1_data_trans','finding some way to replay information to the server','','can information be captured and replayed to the server?\r\nis the server accepting such information?\r\nsession steeling and tampering?\r\nsome kind of CSRF attacks which will write information to a victims account and which details are required to capture in order to enable such attacks?'),('av1_ssl_forg',50,'av1_data_trans','secure and correct implementation of communication encryption','','analysing for any flaws in SSL implementations or no-SSL\r\n\r\nthis step tries to forge a new certificate, so that if certificate validation is not correctly implemented in the application, the forged certificate will be accepted and an attacker can spoof data'),('av1_ssl_forg_ca',60,'av1_data_trans','in addition to data_com_ssl_forg the trusted CA certificate is installed','','this attack can only be defeated by certificate pinning\r\n\r\notherwise an attacker will be able to spoof on data'),('av1_tamper',20,'av1_data_trans','tampering the data before it can reach the server defeating input validation','','tampering data before it can reach the server by intercepting requests;\r\n\r\ndoes the server employ input validation on the web service?\r\n\r\nfind ways to harm data integrity'),('av2_export_backup',10,'av2_mobile_device','data is being backed up using the android backup command','','is there any not encrypted data as part of the backups\r\n\r\nincludes SQLite databases\r\n\r\ncache files or log files'),('av2_export_logging',20,'av2_mobile_device','investigate the Android log for unencrypted information','','using ADB logcat enables access to a phones log files and these can potentially hold unencrypted logging information'),('av3_code_comment',120,'av3_mobile_app','any comment on the code','','while manually investigating the code any comment required to be documented goes in here'),('av3_data_coll',20,'av3_mobile_app','data collected and send by the mobile app','','which data is being collected by the phone and send to any kind of web server\r\nthis includes the data the mobile app might have received from the sensor device'),('av3_data_leakage',100,'av3_mobile_app','identifiable for the user or the phone that is being collected','','data can include any unique identifier for Android such as IMEI, MAC, advertising ID and others'),('av3_data_wipe',90,'av3_mobile_app','can data be wiped from the mobile application','true / false',NULL),('av3_export_cloud',20,'av3_mobile_app','data being exported somewhere into the cloud (dropbox et al)','',NULL),('av3_export_sdcard',10,'av3_mobile_app','can data be exported to SD card or other locations on device and is that data encrypted','',NULL),('av3_export_social',30,'av3_mobile_app','export variants to social media and data encryption while exporting','',NULL),('av3_pwd_change_freq',10,'av3_mobile_app','password change period (must) and frequency (can)','0 no rule\r\n1 rule but not reasonable (> 90 days)\r\n2 rule and reasonable (< 90 days)','this should enforce changing passwords and prevent users from changing passwords to frequently; frequently passwords might bypass history requirements'),('av3_pwd_change_policy',40,'av3_mobile_app','password policy enforced on password change','','which password policy is applied on password change\r\nwhat are the characteristics'),('av3_pwd_change_reuse',20,'av3_mobile_app','can a password be reused and how much difference is required','0 - yes, unlimited\r\n1 - no, but history can be bypassed (see change freq)\r\n2 - no without limitation',NULL),('av3_reg_acc_verif',50,'av3_mobile_app','email account verification or two factor authentication','0 / none\r\n1 / email account verification\r\n2 / two factor authentication',NULL),('av3_reg_data_input',10,'av3_mobile_app','Specifies the data fields and types which are required as inputs','no specific rating here, this is for information collection only',NULL),('av3_reg_data_validation',20,'av3_mobile_app','Comments on data validation during user registration: weight, heitght, email...','true/false with comments on specific fields',NULL),('av3_reg_pripol_link',40,'av3_mobile_app','link to privacy policy or any kind of information on such topic','true / false',NULL),('av3_reg_pwd_policy',30,'av3_mobile_app','is a password policy enforced','','a password policy can be characterised as follows\r\n- minimum length\r\n- character sets (lower, upper, digit, special)\r\n- well-known patterns (date of birth, username, family name)'),('av4_data_leakage',10,'av4_third_party','data leakage to third party services','','names the service and describes the characteristics of the data being leaked to that service'),('av5_data_coll',10,'av5_sensor_device','characteristics of data collected by the sensor','','which data is collected by the sensor and transmitted'),('av5_pairing_process',30,'av5_sensor_device','pairing process between sensor and phone','','describes the pairing process between the sensor and phone towards security features such as pin based pairing and other BLE protocol features;\r\nmany devices omit the correct bluetooth paring and instantaneously communicate via BLE '),('av5_swfw_update',10,'av5_sensor_device','update cycle related issues','','firmware may be captured or replaced'),('av6_csrf',120,'av6_web_application','basic CSRF attack','0 - vulnerable\r\n1 - not vulnerable',NULL),('av6_data_input',100,'av6_web_application','data input via web UI and validation','',NULL),('av6_data_wipe',90,'av6_web_application','wipe and delete data from the web account','true / false',NULL),('av6_export_cloud',20,'av6_web_application','data being exported somewhere into the cloud (dropbox et al)','',NULL),('av6_export_disk',10,'av6_web_application','can data be exported to SD card or other locations on device and is that data encrypted','',NULL),('av6_export_social',30,'av6_web_application','export variants to social media and data encryption while exporting','',NULL),('av6_pri_pol',100,'av6_web_application','information from privacy policy','','read policy and provide some interesting details'),('av6_pwd_change_freq',10,'av6_web_application','password change period (must) and frequency (can)','0 no rule\r\n1 rule but not reasonable (> 90 days)\r\n2 rule and reasonable (< 90 days)','this should enforce changing passwords and prevent users from changing passwords to frequently; frequently passwords might bypass history requirements'),('av6_pwd_change_policy',40,'av6_web_application','password policy enforced on password change','','which password policy is applied on password change\r\nwhat are the characteristics'),('av6_pwd_change_reuse',20,'av6_web_application','can a password be reused and how much difference is required','0 - yes, unlimited\r\n1 - no, but history can be bypassed (see change freq)\r\n2 - no without limitation',NULL),('av6_reg_acc_verif',50,'av6_web_application','email account verification or two factor authentication','0 / none\r\n1 / email account verification\r\n2 / two factor authentication',NULL),('av6_reg_data_input',10,'av6_web_application','Specifies the data fields and types which are required as inputs','no specific rating here, this is for information collection only',NULL),('av6_reg_data_validation',20,'av6_web_application','Comments on data validation during user registration: weight, heitght, email...','true/false with comments on specific fields',NULL),('av6_reg_pripol_link',40,'av6_web_application','link to privacy policy or any kind of information on such topic','true / false',NULL),('av6_reg_pwd_policy',30,'av6_web_application','is a password policy enforced','','a password policy can be characterised as follows\r\n- minimum length\r\n- character sets (lower, upper, digit, special)\r\n- well-known patterns (date of birth, username, family name)'),('av6_sql_injection',130,'av6_web_application','inject sql queries to learn information from the server','0 - not vulnerable\r\n1 - vulnerable',NULL),('av6_xss',110,'av6_web_application','basic xss attacks on the web page with a select statement','0 - not vulnerable\r\n1- vulnerable',NULL);
/*!40000 ALTER TABLE `experiment_test_steps` ENABLE KEYS */;
UNLOCK TABLES;

--
-- Table structure for table `experiments`
--

DROP TABLE IF EXISTS `experiments`;
/*!40101 SET @saved_cs_client     = @@character_set_client */;
/*!40101 SET character_set_client = utf8 */;
CREATE TABLE `experiments` (
  `id` int(11) NOT NULL AUTO_INCREMENT,
  `package` varchar(50) NOT NULL,
  `time` timestamp NOT NULL DEFAULT CURRENT_TIMESTAMP,
  `test_case` varchar(45) NOT NULL,
  `comment` text,
  `log_folder` varchar(500) DEFAULT NULL,
  PRIMARY KEY (`id`),
  UNIQUE KEY `index4` (`package`,`time`,`test_case`),
  KEY `exp_pkg_idx` (`package`),
  KEY `fk_experiments_2_idx` (`test_case`),
  CONSTRAINT `fk_experiments_1` FOREIGN KEY (`package`) REFERENCES `apps` (`package`) ON DELETE NO ACTION ON UPDATE CASCADE,
  CONSTRAINT `fk_experiments_2` FOREIGN KEY (`test_case`) REFERENCES `experiment_test_cases` (`name`) ON DELETE NO ACTION ON UPDATE CASCADE
) ENGINE=InnoDB AUTO_INCREMENT=382 DEFAULT CHARSET=latin1;
/*!40101 SET character_set_client = @saved_cs_client */;

--
-- Dumping data for table `experiments`
--

LOCK TABLES `experiments` WRITE;
/*!40000 ALTER TABLE `experiments` DISABLE KEYS */;
INSERT INTO `experiments` VALUES (93,'com.withings.wiscale2','2016-07-11 19:49:01','av3_mobile_app','setting up the withings scale and saw some weird input validations (details in test cases)','/media/exthdd/experiments/com.withings.wiscale2/av3_mobile_app/2016-07-11_20:49:01'),(97,'com.withings.wiscale2','2016-07-12 09:26:03','av5_sensor_device','first tried to setup scale using bluetooth but didnt work; then tried via wifi and would work; traffic from scale to withings webserver is http only; possibly can be exploited for replay attacks as well; maybe firmware update will defeat the http vulnerability as the scale partly communicates via https','/media/exthdd/experiments/com.withings.wiscale2/av5_sensor_device/2016-07-12_10:26:03'),(98,'com.withings.wiscale2','2016-07-12 10:06:52','av5_sensor_device','collected data from scale and successfully uploaded to withings; added a new user within the same account, but withings offers as well to associate the same scale with different accounts; replay attacks are likely to be successful','/media/exthdd/experiments/com.withings.wiscale2/av5_sensor_device/2016-07-12_11:06:52'),(113,'com.withings.wiscale2','2016-07-12 16:54:00','av3_mobile_app','some manual entry added and uploaded to withings server','/media/exthdd/experiments/com.withings.wiscale2/av3_mobile_app/2016-07-12_17:57:54'),(178,'com.microsoft.kapp','2016-07-08 10:35:59','av1_data_trans','aggregated from teststeps','/media/exthdd/experiments/com.microsoft.kapp/av1_data_trans/2016-07-08_11:35:59'),(179,'com.jawbone.upopen','2016-07-08 10:39:29','av1_data_trans','aggregated from teststeps','/media/exthdd/experiments/com.jawbone.upopen/av1_data_trans/2016-07-08_11:39:29'),(180,'fi.polar.polarflow','2016-07-08 10:40:41','av1_data_trans','aggregated from teststeps','/media/exthdd/experiments/fi.polar.polarflow/av1_data_trans/2016-07-08_11:40:41'),(181,'com.veclink.movnow.healthy_q2','2016-07-08 10:41:48','av1_data_trans','aggregated from teststeps','/media/exthdd/experiments/com.veclink.movnow.healthy_q2/av1_data_trans/2016-07-08_11:41:48'),(182,'com.withings.wiscale2','2016-07-08 10:42:42','av1_data_trans','aggregated from teststeps','/media/exthdd/experiments/com.withings.wiscale2/av1_data_trans/2016-07-08_11:42:42'),(183,'com.activ8rlives.mobile','2016-07-08 10:43:42','av1_data_trans','aggregated from teststeps','/media/exthdd/experiments/com.activ8rlives.mobile/av1_data_trans/2016-07-08_11:43:42'),(184,'com.medm.medmwt.diary','2016-07-08 10:44:07','av1_data_trans','aggregated from teststeps','/media/exthdd/experiments/com.medm.medmwt.diary/av1_data_trans/2016-07-08_11:44:07'),(185,'com.stabxtom.thomson','2016-07-08 10:45:29','av1_data_trans','aggregated from teststeps','/media/exthdd/experiments/com.stabxtom.thomson/av1_data_trans/2016-07-08_11:45:29'),(186,'com.fitbit.FitbitMobile','2016-07-08 10:46:10','av1_data_trans','aggregated from teststeps','/media/exthdd/experiments/com.fitbit.FitbitMobile/av1_data_trans/2016-07-08_11:46:10'),(187,'com.zensorium.tinke','2016-07-08 11:06:17','av1_data_trans','aggregated from teststeps','/media/exthdd/experiments/com.zensorium.tinke/av1_data_trans/2016-07-08_12:06:17'),(188,'com.garmin.android.apps.connectmobile','2016-07-08 11:21:37','av1_data_trans','aggregated from teststeps','/media/exthdd/experiments/com.garmin.android.apps.connectmobile/av1_data_trans/2016-07-08_12:21:37'),(189,'com.mioglobal.android.miogo','2016-07-08 11:24:40','av1_data_trans','aggregated from teststeps','/media/exthdd/experiments/com.mioglobal.android.miogo/av1_data_trans/2016-07-08_12:24:40'),(190,'com.hapiconnect','2016-07-08 15:57:45','av1_data_trans','aggregated from teststeps','/media/exthdd/experiments/com.hapiconnect/av1_data_trans/2016-07-08_16:57:45'),(191,'com.ks.wristband','2016-07-08 16:23:45','av1_data_trans','aggregated from teststeps','/media/exthdd/experiments/com.ks.wristband/av1_data_trans/2016-07-08_17:23:45'),(196,'com.withings.wiscale2','2016-07-12 20:41:27','av1_data_trans','tampered with data and executed some replay attacks; data is not validated and can cause server errors if weight to high','/media/exthdd/experiments/com.withings.wiscale2/av1_data_trans/2016-07-12_21:41:27'),(198,'com.withings.wiscale2','2016-07-13 07:42:31','av5_sensor_device','manipulated request for firmware and got link to update.. firmware can be downloaded','/media/exthdd/experiments/com.withings.wiscale2/av5_sensor_device/2016-07-13_08:42:31'),(205,'com.withings.wiscale2','2016-07-12 08:19:52','av3_mobile_app','aggregated from teststeps','/media/exthdd/experiments/com.withings.wiscale2/av3_mobile_app/2016-07-12_09:19:52'),(206,'com.withings.wiscale2','2016-07-13 11:34:27','sol_arch','scale can connect via wifi and bluetooth wifi option enables scale to communicate with withings immediately wifi option is using http only phone is loading data from webservice scale is set up via bluetooth, this way it is provided with parameter',''),(210,'com.withings.wiscale2','2016-07-13 14:40:55','av2_mobile_device','run the app to synchronize and export app data to disk for further investigation','/media/exthdd/experiments/com.withings.wiscale2/av2_mobile_device/2016-07-13_15:40:55'),(241,'com.withings.wiscale2','2016-07-14 14:51:01','av3_mobile_app','password change and export tests','/media/exthdd/experiments/com.withings.wiscale2/av3_mobile_app/2016-07-14_15:51:01'),(248,'com.withings.wiscale2','2016-07-14 15:38:25','av6_web_application','investigate if account can be delete with spoofed information --> account can\'t be deleted with stolen session id from unencrypted sensor device communication','/media/exthdd/experiments/com.withings.wiscale2/av6_web_application/2016-07-14_16:38:25'),(259,'com.stabxtom.thomson','2016-07-15 13:05:04','av3_mobile_app','ran regestration test steps','/media/exthdd/experiments/com.stabxtom.thomson/av3_mobile_app/2016-07-15_14:05:04'),(261,'com.stabxtom.thomson','2016-07-15 16:05:54','av3_mobile_app','paired the scale with the app','/media/exthdd/experiments/com.stabxtom.thomson/av3_mobile_app/2016-07-15_17:05:54'),(263,'com.stabxtom.thomson','2016-07-15 16:14:56','av5_sensor_device','collected some data by weighting and sending data to web server','/media/exthdd/experiments/com.stabxtom.thomson/av5_sensor_device/2016-07-15_17:14:56'),(265,'com.stabxtom.thomson','2016-07-15 16:38:53','av2_mobile_device','found way too much information in the device logs','/media/exthdd/experiments/com.stabxtom.thomson/av2_mobile_device/2016-07-15_17:38:53'),(271,'com.stabxtom.thomson','2016-07-16 11:43:57','av1_data_trans','tried to tamper with traffic by manipulating requests and stealing the session to use it to inject further measurements; however data couldnt be synchroniyed back into the application (even after deleting all app data the app doesnt intially download all dataa from server; previous measurements are simply lost','/media/exthdd/experiments/com.stabxtom.thomson/av1_data_trans/2016-07-16_12:43:57'),(274,'com.stabxtom.thomson','2016-07-16 12:39:20','sol_arch','measurements from the scale are first inserted into the database and then synchronized to a server (data center); however once the data has been synchronized to that server it is not any longer accessible for the user; the app after reset does not load the already collected data initially',NULL),(276,'com.stabxtom.thomson','2016-07-16 13:20:46','av3_mobile_app','tried some input validations, injection, tampering by manually adding data','/media/exthdd/experiments/com.stabxtom.thomson/av3_mobile_app/2016-07-16_14:20:46'),(278,'com.stabxtom.thomson','2016-07-16 13:33:36','av3_mobile_app','check the password change process and turns out that an attacker can change the victims password at any point in time after the victim opened the app and the attacker was listening to the traffic and hence able to steal the current password hash','/media/exthdd/experiments/com.stabxtom.thomson/av3_mobile_app/2016-07-16_14:33:36'),(284,'com.stabxtom.thomson','2016-07-16 14:23:00','av3_mobile_app','password change via email link on not secure website','/media/exthdd/experiments/com.stabxtom.thomson/av3_mobile_app/2016-07-16_15:23:00'),(286,'com.activ8rlives.mobile','2016-07-16 15:11:26','av3_mobile_app','setting up user account and checking password policies','/media/exthdd/experiments/com.activ8rlives.mobile/av3_mobile_app/2016-07-16_16:11:26'),(294,'com.activ8rlives.mobile','2016-07-16 17:11:53','av5_sensor_device','connected scale and did some measurements','/media/exthdd/experiments/com.activ8rlives.mobile/av5_sensor_device/2016-07-16_18:11:53'),(296,'com.activ8rlives.mobile','2016-07-16 17:45:36','av1_data_trans','executing attacks on traffic to reveal that most of the messages are not authenticated at all; also passwords are transmitted in clear text','/media/exthdd/experiments/com.activ8rlives.mobile/av1_data_trans/2016-07-16_18:45:36'),(298,'com.activ8rlives.mobile','2016-07-16 18:01:30','av4_third_party','leakage of data to xamarin','/media/exthdd/experiments/com.activ8rlives.mobile/av4_third_party/2016-07-16_19:01:30'),(300,'com.activ8rlives.mobile','2016-07-16 18:10:20','av2_mobile_device','used some basic app functions to generate data','/media/exthdd/experiments/com.activ8rlives.mobile/av2_mobile_device/2016-07-16_19:10:20'),(306,'com.activ8rlives.mobile','2016-07-17 08:16:05','av6_web_application','basic ellaboration of the web page','/media/exthdd/experiments/com.activ8rlives.mobile/av6_web_application/2016-07-17_09:16:05'),(316,'com.activ8rlives.mobile','2016-07-17 09:53:43','av6_web_application','user registration via web page','/media/exthdd/experiments/com.activ8rlives.mobile/av6_web_application/2016-07-17_10:53:43'),(344,'com.medm.medmwt.diary','2016-07-18 13:29:47','av3_mobile_app','registered user and provided some basic data','/media/exthdd/experiments/com.medm.medmwt.diary/av3_mobile_app/2016-07-18_14:29:47'),(352,'com.medm.medmwt.diary','2016-07-18 14:01:37','av5_sensor_device','paired device and did some measurements','/media/exthdd/experiments/com.medm.medmwt.diary/av5_sensor_device/2016-07-18_15:01:37'),(354,'com.medm.medmwt.diary','2016-07-18 14:15:40','av1_data_trans','ran some attacks against the data in transmission','/media/exthdd/experiments/com.medm.medmwt.diary/av1_data_trans/2016-07-18_15:15:40'),(356,'com.medm.medmwt.diary','2016-07-18 14:38:38','av4_third_party','no data leakage found','/media/exthdd/experiments/com.medm.medmwt.diary/av4_third_party/2016-07-18_15:38:38'),(358,'com.medm.medmwt.diary','2016-07-18 14:39:37','av2_mobile_device','looking for data leakage','/media/exthdd/experiments/com.medm.medmwt.diary/av2_mobile_device/2016-07-18_15:39:37'),(360,'com.medm.medmwt.diary','2016-07-18 14:50:17','av6_web_application','explored web access','/media/exthdd/experiments/com.medm.medmwt.diary/av6_web_application/2016-07-18_15:50:17'),(362,'com.medm.medmwt.diary','2016-07-18 15:11:31','av6_web_application','tested for csrf vulnerability','/media/exthdd/experiments/com.medm.medmwt.diary/av6_web_application/2016-07-18_16:11:31'),(364,'com.hapiconnect','2016-07-18 16:25:59','av3_mobile_app','registered user and setup app','/media/exthdd/experiments/com.hapiconnect/av3_mobile_app/2016-07-18_17:25:59'),(366,'com.hapiconnect','2016-07-18 16:47:27','av3_mobile_app','change passwords and analysed traffic','/media/exthdd/experiments/com.hapiconnect/av3_mobile_app/2016-07-18_17:47:27'),(368,'com.hapiconnect','2016-07-18 17:14:29','av5_sensor_device','paired scale but the app ended up in some loop sending the same request infintely','/media/exthdd/experiments/com.hapiconnect/av5_sensor_device/2016-07-18_18:14:29'),(370,'com.hapiconnect','2016-07-18 17:19:58','av5_sensor_device','','/media/exthdd/experiments/com.hapiconnect/av5_sensor_device/2016-07-18_18:19:58'),(372,'com.hapiconnect','2016-07-18 17:26:58','av1_data_trans','delete','/media/exthdd/experiments/com.hapiconnect/av1_data_trans/2016-07-18_18:26:58'),(374,'com.hapiconnect','2016-07-18 17:56:25','av4_third_party','investigating data leakage','/media/exthdd/experiments/com.hapiconnect/av4_third_party/2016-07-18_18:56:25'),(376,'com.hapiconnect','2016-07-18 17:58:28','av2_mobile_device','investigating the device','/media/exthdd/experiments/com.hapiconnect/av2_mobile_device/2016-07-18_18:58:28'),(378,'com.hapiconnect','2016-07-19 10:15:53','av6_web_application','delete','/media/exthdd/experiments/com.hapiconnect/av6_web_application/2016-07-19_11:15:53'),(380,'com.hapiconnect','2016-07-19 10:16:25','av6_web_application','investigated web page','/media/exthdd/experiments/com.hapiconnect/av6_web_application/2016-07-19_11:16:25');
/*!40000 ALTER TABLE `experiments` ENABLE KEYS */;
UNLOCK TABLES;

--
-- Table structure for table `experiments_details`
--

DROP TABLE IF EXISTS `experiments_details`;
/*!40101 SET @saved_cs_client     = @@character_set_client */;
/*!40101 SET character_set_client = utf8 */;
CREATE TABLE `experiments_details` (
  `id` int(11) NOT NULL AUTO_INCREMENT,
  `experiment` int(11) NOT NULL,
  `test_step` varchar(50) NOT NULL,
  `comment` text NOT NULL,
  `rating` varchar(45) NOT NULL,
  PRIMARY KEY (`id`),
  KEY `fk_edetails_2_idx` (`test_step`),
  KEY `fk_edetails_1` (`experiment`),
  CONSTRAINT `fk_edetails_1` FOREIGN KEY (`experiment`) REFERENCES `experiments` (`id`) ON DELETE CASCADE ON UPDATE CASCADE,
  CONSTRAINT `fk_edetails_2` FOREIGN KEY (`test_step`) REFERENCES `experiment_test_steps` (`name`) ON DELETE CASCADE ON UPDATE CASCADE
) ENGINE=InnoDB AUTO_INCREMENT=254 DEFAULT CHARSET=latin1;
/*!40101 SET character_set_client = @saved_cs_client */;

--
-- Dumping data for table `experiments_details`
--

LOCK TABLES `experiments_details` WRITE;
/*!40000 ALTER TABLE `experiments_details` DISABLE KEYS */;
INSERT INTO `experiments_details` VALUES (1,93,'av3_reg_acc_verif','there is no trace of account verification\r\nnot even a single email was received\r\n\r\nassumption that this might be solution dependent as the withings watch caused a lot of spam in the inbox','0'),(2,93,'av3_reg_data_input','select scale n email and password n firstname, lastname, birthdate, height, weight','n/a'),(3,93,'av3_reg_data_validation','email adress is validated n password provided A n very high weights are not allowed 600lb but weird error message n height is accepted at 3m',''),(4,93,'av3_reg_pripol_link','link to privacy policy is provided\r\n\r\nhttp://www.withings.com/uk/en/legal\r\n\r\nalso terms and conditions but both links are pointing to the same webpage',''),(5,93,'av3_reg_pwd_policy','no hint to any kind of password policy could be found',''),(21,98,'av5_data_coll','data is being transmitted via http only scale is able to display the weather of the day other then that it just collects a measurements with a UNIX timestamp and the weight in g this a JSON document being posted to the server also location information is send to the scale and used by it; this communication is encrypted',''),(22,113,'av3_data_coll','added entry manually to be uploaded to server API with server seems to be different from the scales API query parameters instead of body but everything is SSL encrypted some input validation inside the mobile application is done',''),(25,178,'av1_ssl_forg_ca','working - username and password in body',''),(26,179,'av1_ssl_forg_ca','working - username and password in body',''),(27,180,'av1_ssl_forg_ca','working - username and password in body',''),(28,181,'av1_ssl_forg_ca','no SSL',''),(29,182,'av1_ssl_forg_ca','working',''),(30,183,'av1_ssl_forg_ca','working as without CA certificate',''),(31,184,'av1_ssl_forg_ca','not working',''),(32,185,'av1_ssl_forg_ca','NO SSL',''),(33,186,'av1_ssl_forg_ca','working',''),(34,187,'av1_ssl_forg_ca','working',''),(35,188,'av1_ssl_forg_ca','working - some kind of SSO going on',''),(36,189,'av1_ssl_forg_ca','working',''),(37,190,'av1_ssl_forg_ca','NO SSL - username in cleartext and password somehow encrypted or obfuscated',''),(38,191,'av1_ssl_forg_ca','working but not using internet; just checking for firmware updates',''),(40,178,'av1_ssl_forg','not working',''),(41,179,'av1_ssl_forg','not working',''),(42,180,'av1_ssl_forg','not working',''),(43,181,'av1_ssl_forg','working (!) no SSL -- also username in clear text and password is somehow encrypted',''),(44,191,'av1_ssl_forg','is working -- but just one request going out; not sure if it will synchronize any data to some place',''),(45,182,'av1_ssl_forg','not working',''),(46,183,'av1_ssl_forg','working - username and password in message body clear text',''),(47,184,'av1_ssl_forg','not working',''),(48,185,'av1_ssl_forg','working - username in clear text, mobile id and password somehow encrypted or obfuscated',''),(49,186,'av1_ssl_forg','not working',''),(50,187,'av1_ssl_forg','not working',''),(51,188,'av1_ssl_forg','not working; but also no information to the user',''),(52,189,'av1_ssl_forg','not working - but app can be used in an offline mode',''),(53,190,'av1_ssl_forg','no SSL usage',''),(55,196,'av1_replay','replay attacks are possible within the same session session is requested based on a once which is used to generate a hash the server is able to use that hash to identify the user and sends user information including a valid session key',''),(56,196,'av1_tamper','data can be changed and apparently the server is not validating the data so that unplausible data can be entered tried to change the user ID so that the data would be inserted into a different account -> that however was not successful',''),(58,198,'av5_swfw_update','scale asks server if any firmware update is available and provides the currently installed version intercepting this request and changing the firmware yields a link to an update send by server',''),(66,210,'av2_export_backup','database is available and data can be read in clear text',''),(67,93,'av3_reg_acc_verif','there is no trace of account verification\nnot even a single email was received\n\nassumption that this might be solution dependent as the withings watch caused a lot of spam in the inbox','0'),(68,210,'av2_export_logging','no information written to logcat',''),(73,241,'av3_data_wipe','no possibility to wipe data from app or from device, no way to delete account','false'),(74,241,'av3_data_coll','manual entries are possible; no othe\nseems to be transmitted',''),(75,241,'av3_export_cloud','no export option in app',''),(76,241,'av3_export_sdcard','no export option',''),(77,241,'av3_export_social','sharing is just inviting and as such possible to gmail, drive, bluetooth and android beam',''),(78,113,'av3_pwd_change_freq','n/a ','n/a'),(79,113,'av3_pwd_change_policy','n/a','n/a'),(80,113,'av3_pwd_change_reuse','n/a','n/a'),(81,248,'av6_pwd_change_freq','no frequency enforced','0'),(82,248,'av6_pwd_change_policy','min 6 char; any char no type enforcement',''),(83,248,'av6_pwd_change_reuse','unlimited reuse','0'),(84,248,'av6_reg_acc_verif','no verification','0'),(86,248,'av6_reg_data_input','same as mobile app',''),(87,248,'av6_reg_data_validation','some data validation for height and weight',''),(88,248,'av6_reg_pripol_link','yes','true'),(89,248,'av6_reg_pwd_policy','min 6 char',''),(91,248,'av6_data_wipe','account can be deleted but has 7 days period before they claim that data will actually be removed from their systems','true'),(92,248,'av6_export_cloud','n/a',''),(93,248,'av6_export_disk','only after account deletion data can be downloaded',''),(94,248,'av6_export_social','no hint that data can be shared online',''),(96,259,'av3_reg_pwd_policy','6-16 characters',''),(97,259,'av3_reg_data_input','email, password, name, gender, name, birthday, height, weight, waistline, picture',''),(98,259,'av3_reg_data_validation','limited values for weight, height, waistline, age','true'),(99,259,'av3_reg_pwd_policy','no privay policy link shown during registration',''),(100,259,'av3_reg_acc_verif','no verification email received','0'),(101,259,'av3_data_leakage','!! advertising librariy Umeng detected.. library is sending a full device fingerprint including IMEI and MAC (where it cant retrieve the MAC because of Android 6 changes)','!!'),(102,259,'av3_data_leakage','password (encrypted) and email send over unencrypted network; password seems to be some kind of 16byte hash.. tried a few tools to get the pattern and repoduce it but so far without success',''),(103,261,'av3_data_leakage','reveals full details during pairing as serial numbers, device hardware version, software version and some specific password are sent unencryted',''),(104,265,'av2_export_logging','logcat shows detailed logs with even some information on the recorded data and partly http traces\nbluetooth connection management is shown in full including MAC addresses which are logged and saved',''),(105,265,'av2_export_backup','backup contains unencrypted database which includes all information from measurements to device information',''),(106,265,'av2_export_backup','information on session and any credentials can be picked up from the shared prefs folder',''),(107,261,'av3_reg_pripol_link','no link to privacy policy apparent','false'),(108,271,'av1_replay','replay attacks are perfectly possible even with stolen session ID.. however the generated data seems to be unaccessible to the user','bad'),(109,271,'av1_tamper','data can be easily changed and is happily accepted by the server','bad'),(110,261,'av3_code_comment','code shows many different frameworks and addons integrated with the solution (also see addons table)\nthe app itself shows less possibilities to make actually use of these frameworks and addons\nthe password seems to be MD5 hashed but since the communication is not encrypted and the hash is not randomiyed that is pointless, simply use the hash value to execute anything',''),(111,278,'av3_pwd_change_freq','no password change policy or frequency enforced','0'),(112,278,'av3_pwd_change_policy','password policy is just 6 characters only and nothing else',''),(113,278,'av3_pwd_change_reuse','passwords can be reused at any point in time how often ever the user wants to','0'),(114,278,'av3_data_wipe','no data wipe from within the app only be using the system settings; also no possibility to delete data from the server and hard to contact them as there is no email received or any information inside the app leading to a contact address','false'),(115,278,'av3_data_coll','as mentioned app collecteds weight data but also sends phone identifier to china',''),(116,276,'av3_export_cloud','no possibility',''),(117,276,'av3_export_sdcard','no option',''),(118,276,'av3_export_social','twitter, facebook and email but none of them worked',''),(119,263,'av5_data_coll','collecting weight information just as expected',''),(120,286,'av3_reg_data_input','weight, height, waistline, birthdate and bio data, fitness goal and setps towards the goal\nbasic validation on weight, height and waistline',''),(121,286,'av3_reg_data_validation','basic validation on weight, height and waistline',''),(122,286,'av3_reg_pripol_link','link to terms and conditions plus acceptance of terms and conditions is required to use the app','true'),(123,286,'av3_reg_pwd_policy','no password policy as registration with a simple A was possible',''),(124,286,'av3_reg_acc_verif','received no email on account verification\n/ registration','0'),(125,286,'av3_pwd_change_freq','can\'t change password from within the app','n/a'),(126,286,'av3_pwd_change_policy','n/a','n/a'),(127,286,'av3_pwd_change_reuse','n/a','n/a'),(128,286,'av3_data_wipe','no possibility to wipe data from inside the app','false'),(129,286,'av3_data_leakage','xamarin framework is sending the android device id home and is tracking different events such as network change from wifi to lte, application startup and a full device fingerprint including attributes such aus screensize, resolution, network, model, memroy, cpu count, android version, client version, app installed',''),(130,286,'av3_code_comment','app crashing with Android 6.0.1 so reverting back to Android 6\nalso App is Xamarin based and running in Monodroid VM on Android which is some C style based implementation',''),(131,294,'av5_data_coll','collecting data from scale and transferring it immediately without any user interact the webservice',''),(132,294,'av5_pairing_process','no pairing process as such as the scale doesn\'t authenticate itself with the app but communicates anonymously',''),(133,294,'av5_swfw_update','app to server communication doesn\'t show any hint regarding a firmware version for the scale',''),(134,296,'av1_inject','requests with new measurements are not authenticated and measurements are mapped by userid; so as soon as one finds out a user ID measurements can be happily inserted',''),(135,296,'av1_replay','replaying of messages is easliy possible but will replace the existing record for a day as only one record per day can exist',''),(136,296,'av1_tamper','tampering with the weight data is possible a weight up to 99999999 kg can be entered; beyond that the server will respond with an error',''),(137,298,'av4_data_leakage','detailled data on the device is leaked to xamarin servers; this data can be used for fingerprinting and shouldn\'t be collected; there are other device identifiers that can be used',''),(138,298,'av4_data_leakage','pictures taken are uploaded to an image service and not to their own servers',''),(139,300,'av2_export_backup','n/a',''),(140,300,'av2_export_logging','no suspicious data in logging information',''),(145,306,'av6_pwd_change_reuse','none','0'),(146,306,'av6_pwd_change_policy','none','0'),(147,306,'av6_pwd_change_freq','not implemented','0'),(148,306,'av6_data_input','delete',''),(149,306,'av6_csrf','web app comes with csrf token and protects against such attacks','1'),(150,306,'av6_data_wipe','data wipe is not available from the web page; the policy mentions two mail addresses one for deactivation and one for deletion of which none worked; email send to again another mail address and waiting for response','false'),(151,306,'av6_export_cloud','no export options',''),(152,306,'av6_export_disk','excel document can be exported and data within that document is unencrypted',''),(153,306,'av6_export_social','no social sharing other than the web platforms own sharing is implemented; carer can be invited and also practitioners and clinics can get access; however that feature was not working',''),(154,306,'av6_pri_pol','the privacy policy is linked from the web page',''),(155,306,'av6_csrf','csrf token are not renewed after request so that if an attacker manages to steal one of them he is able to send requests for the duration of the session; csrf token is correctly bound to the session','1'),(156,306,'av6_xss','not successful\nfor password field and manual entries','0'),(158,316,'av6_reg_pwd_policy','no','0'),(159,316,'av6_reg_pripol_link','no explicit information','false'),(160,316,'av6_reg_data_validation','same as app: only medical data','true'),(161,316,'av6_reg_data_input','same as app',''),(162,316,'av6_reg_acc_verif','none','0'),(163,286,'av3_export_cloud','n/a',''),(164,286,'av3_export_sdcard','n/a',''),(165,286,'av3_export_social','n/a',''),(166,286,'av3_data_coll','normal data collection of pictures and other details on the phone',''),(168,344,'av3_code_comment','code is somewhat supprinsingly just a few lines and decompiled code doesn\'t show all the information\nhence something must have been applied to the code\nalso certificate pinning is implemented and had to be removed in order to run further tests',''),(169,344,'av3_data_wipe','no data wipe option','false'),(170,344,'av3_export_cloud','n/a',''),(171,344,'av3_export_sdcard','n/a',''),(172,344,'av3_export_social','n/a',''),(173,344,'av3_pwd_change_freq','n/a',''),(174,344,'av3_pwd_change_policy','n/a',''),(175,344,'av3_pwd_change_reuse','n/a',''),(176,344,'av3_reg_acc_verif','no - but received email with pointers to privacy statements and similar stuff','0'),(177,344,'av3_reg_data_input','only email address and password mandatory; name, birth date and height can be entered later from within the app',''),(178,344,'av3_reg_data_validation','height and weight are limited; no other validation',''),(179,344,'av3_reg_pripol_link','not visible during registration but linked from within the app','false'),(180,344,'av3_reg_pwd_policy','min 6 character',''),(181,344,'av3_data_coll','manual input only and photo capture to set profile picture',''),(182,344,'av3_data_leakage','as far as captured no data was being leaked',''),(183,354,'av1_inject','injection is only possible as long as the user provides an authenticated session',''),(184,354,'av1_replay','replay is not possible as every record comes with a separate uuid',''),(185,354,'av1_tamper','records can be changed but still the max weight is validated and limited to 300kg',''),(186,352,'av5_data_coll','collects data from scale as expected and save\'s on device; after some time it will be synchronized to the server',''),(187,352,'av5_pairing_process','pairing comes again without real bluetooth pairing.. interestingly the device asks for location access rather than bluetooth access permission',''),(188,352,'av5_pairing_process','delete',''),(189,352,'av5_swfw_update','no version information exchanged between app and server',''),(190,356,'av4_data_leakage','no data leakage to third party on recor\nd',''),(191,358,'av2_export_logging','no information leaked in logcat',''),(192,358,'av2_export_backup','sqlite databases not encrypted; shared preferences are obscured and encrypted',''),(193,360,'av6_data_input','n/a',''),(194,360,'av6_data_wipe','account deletion possible','true'),(195,360,'av6_export_cloud','n/a',''),(196,360,'av6_export_disk','download as csv or html page',''),(197,360,'av6_export_social','n/a',''),(198,360,'av6_pri_pol','linked on web page',''),(199,360,'av6_export_social','only within the same platform',''),(200,360,'av6_pwd_change_freq','none','0'),(201,360,'av6_pwd_change_policy','min 6 characters',''),(202,360,'av6_pwd_change_reuse','not limited','0'),(203,360,'av6_sql_injection','not possible','0'),(204,360,'av6_xss','not possible','0'),(205,360,'av6_pri_pol','linked on web page',''),(206,360,'av6_reg_acc_verif','no.. just email with confirmation that account has been created','0'),(207,360,'av6_reg_data_input','same as app',''),(208,360,'av6_reg_data_validation','same as app',''),(209,360,'av6_reg_pripol_link','bottom of the page',''),(210,360,'av6_reg_pwd_policy','min 6 characters',''),(211,362,'av6_csrf','not vulnerable','1'),(212,362,'av6_csrf','not vulnerable.. is using authenticity tokens for requests','1'),(213,364,'av3_data_coll','not possible to enter data manually',''),(214,364,'av3_data_wipe','not possible from within the app','false'),(215,364,'av3_reg_acc_verif','not at all','0'),(216,364,'av3_reg_data_input','username, email, weight and height, and password',''),(217,364,'av3_reg_data_validation','weight and height only',''),(218,364,'av3_reg_pripol_link','no explicit link visible','false'),(219,364,'av3_reg_pwd_policy','min 6 characters',''),(220,364,'av3_data_leakage','no SSL implemented so data can easily be read; in addition passwords are just MD5 hased without salts what makes them vulnerable to rainbow table lookups; full personal information including email address, password, date of birth, weight and height can be read',''),(221,366,'av3_pwd_change_freq','nothing enforced','0'),(222,366,'av3_pwd_change_policy','min 6 characters',''),(223,366,'av3_pwd_change_reuse','last password can\'t be reused','1'),(224,366,'av3_code_comment','passwords are just hased with MD5 no salt; after re login signature looks suspicious as no password is transmitted - seems to be generated based on current time, previous access token and some generat random number; but all this information is available to an attacker',''),(225,366,'av3_export_cloud','screenshots can be exported which show some graph with weight overview',''),(226,366,'av3_export_sdcard','n/a',''),(227,366,'av3_export_social','screenshot of the graph can be shared with any 3rd party app',''),(228,370,'av5_data_coll','weight is collected and uploaded; as far as seen no other data is added',''),(229,370,'av5_pairing_process','pairing process is without real device pairing using a passcode or something',''),(230,370,'av5_swfw_update','communication between app and server doesn\'t show any hint of information on possible firmware updates',''),(231,372,'av1_replay','simple replay is not possible due to client side generated signatures',''),(232,372,'av1_inject','injection is possible with reconstructing the signature value.. all required values can be read from the communication stream',''),(233,372,'av1_tamper','possible at any point in time',''),(234,374,'av4_data_leakage','n/a',''),(235,376,'av2_export_backup','database unencrypted, password in clear text in shared prefs, ',''),(236,376,'av2_export_logging','logging contains detailed information on every single request send to the server',''),(237,380,'av6_data_input','weight can be added and any other measurement',''),(238,380,'av6_data_wipe','no option','false'),(239,380,'av6_export_cloud','n/a',''),(240,380,'av6_export_disk','n/a',''),(241,380,'av6_export_social','facebook, twitter',''),(242,380,'av6_pwd_change_freq','n/a','0'),(243,380,'av6_pwd_change_policy','6 characters',''),(244,380,'av6_pwd_change_reuse','unlimited','0'),(245,380,'av6_reg_acc_verif','no','0'),(246,380,'av6_reg_data_input','name, email, date of birth, goals',''),(247,380,'av6_reg_data_validation','no','false'),(248,380,'av6_pwd_change_reuse','delete',''),(249,380,'av6_reg_pwd_policy','min 6 characters',''),(250,380,'av6_sql_injection','no','0'),(251,380,'av6_xss','no','0'),(252,380,'av6_reg_pripol_link','not visible but very hidden in footer','false'),(253,380,'av6_pri_pol','link in footer but not very visible','');
/*!40000 ALTER TABLE `experiments_details` ENABLE KEYS */;
UNLOCK TABLES;

--
-- Table structure for table `findbugs`
--

DROP TABLE IF EXISTS `findbugs`;
/*!40101 SET @saved_cs_client     = @@character_set_client */;
/*!40101 SET character_set_client = utf8 */;
CREATE TABLE `findbugs` (
  `package` varchar(80) NOT NULL,
  `total_classes` int(7) DEFAULT NULL,
  `total_size` int(10) DEFAULT NULL,
  `total_bugs` int(7) DEFAULT NULL,
  `priority_2` int(7) DEFAULT NULL,
  `priority_1` int(7) DEFAULT NULL,
  `native_total_bugs` int(7) DEFAULT NULL,
  `native_total_size` int(10) DEFAULT NULL,
  `native_priority_2` int(7) DEFAULT NULL,
  `native_priority_1` int(7) DEFAULT NULL,
  `time` timestamp NOT NULL DEFAULT CURRENT_TIMESTAMP,
  UNIQUE KEY `package` (`package`),
  CONSTRAINT `findbugs_ibfk_1` FOREIGN KEY (`package`) REFERENCES `apps` (`package`) ON DELETE CASCADE ON UPDATE CASCADE
) ENGINE=InnoDB DEFAULT CHARSET=latin1 COMMENT='stores summary of bugs found with findbugs';
/*!40101 SET character_set_client = @saved_cs_client */;

--
-- Dumping data for table `findbugs`
--

LOCK TABLES `findbugs` WRITE;
/*!40000 ALTER TABLE `findbugs` DISABLE KEYS */;
/*!40000 ALTER TABLE `findbugs` ENABLE KEYS */;
UNLOCK TABLES;

--
-- Table structure for table `findbugs_details`
--

DROP TABLE IF EXISTS `findbugs_details`;
/*!40101 SET @saved_cs_client     = @@character_set_client */;
/*!40101 SET character_set_client = utf8 */;
CREATE TABLE `findbugs_details` (
  `package` varchar(80) NOT NULL,
  `type` varchar(100) DEFAULT NULL,
  `priority` int(1) DEFAULT NULL,
  `abbrev` varchar(10) DEFAULT NULL,
  `category` varchar(20) DEFAULT NULL,
  `time` timestamp NOT NULL DEFAULT CURRENT_TIMESTAMP,
  UNIQUE KEY `unique_entry` (`package`,`type`,`priority`,`abbrev`,`category`),
  KEY `package` (`package`),
  CONSTRAINT `findbugs_details_ibfk_1` FOREIGN KEY (`package`) REFERENCES `apps` (`package`) ON DELETE CASCADE ON UPDATE CASCADE
) ENGINE=InnoDB DEFAULT CHARSET=latin1 COMMENT='Stores details about bugs found with findbugs';
/*!40101 SET character_set_client = @saved_cs_client */;

--
-- Dumping data for table `findbugs_details`
--

LOCK TABLES `findbugs_details` WRITE;
/*!40000 ALTER TABLE `findbugs_details` DISABLE KEYS */;
/*!40000 ALTER TABLE `findbugs_details` ENABLE KEYS */;
UNLOCK TABLES;

--
-- Table structure for table `location`
--

DROP TABLE IF EXISTS `location`;
/*!40101 SET @saved_cs_client     = @@character_set_client */;
/*!40101 SET character_set_client = utf8 */;
CREATE TABLE `location` (
  `ip_address` varchar(15) NOT NULL,
  `country_code` varchar(3) NOT NULL DEFAULT '',
  `state` varchar(50) NOT NULL DEFAULT '',
  `city` varchar(50) NOT NULL DEFAULT '',
  `zip_code` varchar(8) DEFAULT NULL,
  `log` decimal(16,8) NOT NULL,
  `lat` decimal(16,8) NOT NULL,
  `time` timestamp NOT NULL DEFAULT CURRENT_TIMESTAMP,
  PRIMARY KEY (`ip_address`)
) ENGINE=InnoDB DEFAULT CHARSET=latin1;
/*!40101 SET character_set_client = @saved_cs_client */;

--
-- Dumping data for table `location`
--

LOCK TABLES `location` WRITE;
/*!40000 ALTER TABLE `location` DISABLE KEYS */;
INSERT INTO `location` VALUES ('104.16.65.50','US','California','San Francisco','94107',-122.39330000,37.76970000,'2016-07-10 16:55:03'),('104.16.66.50','US','California','San Francisco','94107',-122.39330000,37.76970000,'2016-07-10 16:55:03'),('104.208.31.165','US','Iowa','Des Moines','50319',-93.60910000,41.60050000,'2016-07-18 13:42:56'),('104.28.4.42','US','California','San Francisco','94107',-122.39330000,37.76970000,'2016-07-10 16:54:40'),('104.66.227.54','NL','North Holland','Amsterdam','1000',4.91670000,52.35000000,'2016-07-10 16:55:18'),('104.66.247.11','NL','North Holland','Amsterdam','1000',4.91670000,52.35000000,'2016-07-10 16:55:16'),('106.39.219.1','CN','','',NULL,113.72660000,34.77250000,'2016-07-10 16:42:29'),('107.20.218.81','US','Virginia','Ashburn','20147',-77.53900000,39.01800000,'2016-07-10 16:54:47'),('107.20.246.158','US','Virginia','Ashburn','20147',-77.53900000,39.01800000,'2016-07-14 19:17:18'),('107.21.94.168','US','Virginia','Ashburn','20147',-77.53900000,39.01800000,'2016-07-18 16:33:23'),('107.22.176.47','US','Virginia','Ashburn','20147',-77.53900000,39.01800000,'2016-07-14 21:11:09'),('107.22.192.179','US','Virginia','Ashburn','20147',-77.53900000,39.01800000,'2016-07-10 16:55:16'),('107.22.221.192','US','Virginia','Ashburn','20147',-77.53900000,39.01800000,'2016-07-10 16:54:55'),('110.173.196.36','CN','','',NULL,113.72660000,34.77250000,'2016-07-10 16:54:34'),('120.132.176.172','CN','','',NULL,113.72660000,34.77250000,'2016-07-10 16:42:33'),('121.199.1.174','CN','','',NULL,113.72660000,34.77250000,'2016-07-10 16:42:34'),('131.253.61.98','US','','',NULL,-97.82200000,37.75100000,'2016-07-10 16:54:43'),('137.116.241.191','IE','Leinster','Dublin',NULL,-6.24890000,53.33310000,'2016-07-10 16:54:44'),('151.101.16.67','US','New Hampshire','Manchester','03101',-71.46520000,42.98850000,'2016-07-10 16:55:11'),('151.101.61.6','US','New Hampshire','Manchester','03101',-71.46520000,42.98850000,'2016-07-14 19:17:01'),('159.122.19.151','US','','',NULL,-97.82200000,37.75100000,'2016-07-10 16:55:11'),('159.122.19.163','US','','',NULL,-97.82200000,37.75100000,'2016-07-17 11:16:21'),('159.122.19.176','US','','',NULL,-97.82200000,37.75100000,'2016-07-17 11:16:16'),('159.122.19.178','US','','',NULL,-97.82200000,37.75100000,'2016-07-17 11:16:16'),('159.122.19.185','US','','',NULL,-97.82200000,37.75100000,'2016-07-10 16:55:03'),('159.122.19.195','US','','',NULL,-97.82200000,37.75100000,'2016-07-17 11:16:21'),('174.129.32.125','US','Virginia','Ashburn','20147',-77.53900000,39.01800000,'2016-07-10 16:55:33'),('174.129.42.30','US','Virginia','Ashburn','20147',-77.53900000,39.01800000,'2016-07-14 19:15:29'),('174.142.38.101','CA','Quebec','Montreal','H3E',-73.55010000,45.45940000,'2016-07-10 16:55:26'),('178.162.216.179','DE','','',NULL,9.49100000,51.29930000,'2016-07-17 11:16:18'),('184.73.242.146','US','Virginia','Ashburn','20147',-77.53900000,39.01800000,'2016-07-10 16:55:26'),('191.235.209.34','IE','Leinster','Dublin',NULL,-6.24890000,53.33310000,'2016-07-10 16:54:44'),('191.235.215.105','IE','Leinster','Dublin',NULL,-6.24890000,53.33310000,'2016-07-10 16:54:44'),('192.0.77.2','US','California','San Francisco','94110',-122.41560000,37.74840000,'2016-07-14 19:17:02'),('192.0.80.241','US','California','San Francisco','94110',-122.41560000,37.74840000,'2016-07-14 19:17:01'),('192.0.80.242','US','California','San Francisco','94110',-122.41560000,37.74840000,'2016-07-14 21:11:08'),('192.161.156.1','US','California','San Francisco','94103',-122.41280000,37.77580000,'2016-07-14 19:15:36'),('2.18.1.109','EU','','',NULL,8.00000000,47.00000000,'2016-07-10 16:55:16'),('208.118.62.70','US','California','Los Angeles','90017',-118.26420000,34.05300000,'2016-07-10 16:55:20'),('216.58.198.106','US','California','Mountain View','94043',-122.05740000,37.41920000,'2016-07-10 16:55:20'),('216.58.198.110','US','California','Mountain View','94043',-122.05740000,37.41920000,'2016-07-10 16:42:26'),('216.58.198.170','US','California','Mountain View','94043',-122.05740000,37.41920000,'2016-07-10 16:55:43'),('216.58.198.174','US','California','Mountain View','94043',-122.05740000,37.41920000,'2016-07-14 19:15:28'),('216.58.198.196','US','California','Mountain View','94043',-122.05740000,37.41920000,'2016-07-14 21:12:26'),('216.58.198.200','US','California','Mountain View','94043',-122.05740000,37.41920000,'2016-07-17 11:16:16'),('216.58.198.202','US','California','Mountain View','94043',-122.05740000,37.41920000,'2016-07-10 16:55:41'),('216.58.198.232','US','California','Mountain View','94043',-122.05740000,37.41920000,'2016-07-10 16:54:36'),('216.58.198.234','US','California','Mountain View','94043',-122.05740000,37.41920000,'2016-07-10 16:42:35'),('216.58.198.238','US','California','Mountain View','94043',-122.05740000,37.41920000,'2016-07-10 16:54:57'),('216.58.208.131','US','California','Mountain View','94043',-122.05740000,37.41920000,'2016-07-10 16:55:38'),('216.58.208.132','US','California','Mountain View','94043',-122.05740000,37.41920000,'2016-07-14 19:15:31'),('216.58.208.136','US','California','Mountain View','94043',-122.05740000,37.41920000,'2016-07-14 21:11:17'),('216.58.208.138','US','California','Mountain View','94043',-122.05740000,37.41920000,'2016-07-10 16:55:38'),('216.58.208.142','US','California','Mountain View','94043',-122.05740000,37.41920000,'2016-07-14 19:15:31'),('216.58.208.162','US','California','Mountain View','94043',-122.05740000,37.41920000,'2016-07-18 13:42:57'),('216.58.208.164','US','California','Mountain View','94043',-122.05740000,37.41920000,'2016-07-14 19:15:13'),('216.58.208.168','US','California','Mountain View','94043',-122.05740000,37.41920000,'2016-07-14 21:12:16'),('216.58.208.170','US','California','Mountain View','94043',-122.05740000,37.41920000,'2016-07-10 16:54:55'),('216.58.208.173','US','California','Mountain View','94043',-122.05740000,37.41920000,'2016-07-18 16:33:26'),('216.58.208.174','US','California','Mountain View','94043',-122.05740000,37.41920000,'2016-07-14 19:17:01'),('216.58.210.40','US','California','Mountain View','94043',-122.05740000,37.41920000,'2016-07-10 16:54:55'),('216.58.210.42','US','California','Mountain View','94043',-122.05740000,37.41920000,'2016-07-10 16:55:20'),('216.58.213.100','US','California','Mountain View','94043',-122.05740000,37.41920000,'2016-07-10 16:54:44'),('216.58.213.106','US','California','Mountain View','94043',-122.05740000,37.41920000,'2016-07-10 16:55:39'),('216.58.213.109','US','California','Mountain View','94043',-122.05740000,37.41920000,'2016-07-10 16:55:40'),('216.58.213.110','US','California','Mountain View','94043',-122.05740000,37.41920000,'2016-07-10 16:54:33'),('216.58.213.136','US','California','Mountain View','94043',-122.05740000,37.41920000,'2016-07-14 19:15:40'),('216.58.213.138','US','California','Mountain View','94043',-122.05740000,37.41920000,'2016-07-10 16:42:35'),('216.58.213.142','US','California','Mountain View','94043',-122.05740000,37.41920000,'2016-07-10 16:55:38'),('216.58.213.163','US','California','Mountain View','94043',-122.05740000,37.41920000,'2016-07-10 16:55:42'),('216.58.213.164','US','California','Mountain View','94043',-122.05740000,37.41920000,'2016-07-10 16:54:48'),('216.58.213.165','US','California','Mountain View','94043',-122.05740000,37.41920000,'2016-07-10 16:55:36'),('216.58.213.168','US','California','Mountain View','94043',-122.05740000,37.41920000,'2016-07-14 19:15:33'),('216.58.213.170','US','California','Mountain View','94043',-122.05740000,37.41920000,'2016-07-10 16:42:26'),('216.58.213.174','US','California','Mountain View','94043',-122.05740000,37.41920000,'2016-07-10 16:42:26'),('216.58.213.68','US','California','Mountain View','94043',-122.05740000,37.41920000,'2016-07-14 21:12:30'),('216.58.213.74','US','California','Mountain View','94043',-122.05740000,37.41920000,'2016-07-10 16:55:39'),('216.58.213.78','US','California','Mountain View','94043',-122.05740000,37.41920000,'2016-07-14 19:15:41'),('216.58.213.98','US','California','Mountain View','94043',-122.05740000,37.41920000,'2016-07-10 16:55:40'),('216.58.213.99','US','California','Mountain View','94043',-122.05740000,37.41920000,'2016-07-10 16:55:40'),('216.58.214.10','US','California','Mountain View','94043',-122.05740000,37.41920000,'2016-07-10 16:55:37'),('216.58.214.4','US','California','Mountain View','94043',-122.05740000,37.41920000,'2016-07-15 14:34:57'),('216.58.214.8','US','California','Mountain View','94043',-122.05740000,37.41920000,'2016-07-10 16:55:24'),('219.128.77.101','CN','Guangdong','Guangzhou',NULL,113.25000000,23.11670000,'2016-07-10 16:42:29'),('23.21.225.144','US','Virginia','Ashburn','20147',-77.53900000,39.01800000,'2016-07-10 16:54:47'),('23.21.92.173','US','Virginia','Ashburn','20147',-77.53900000,39.01800000,'2016-07-10 16:55:31'),('23.23.109.110','US','Virginia','Ashburn','20147',-77.53900000,39.01800000,'2016-07-10 16:55:14'),('23.43.72.70','NL','North Holland','Amsterdam','1000',4.91670000,52.35000000,'2016-07-10 16:54:43'),('23.96.118.133','US','Virginia','Boydton','23917',-78.37150000,36.66480000,'2016-07-10 16:54:45'),('23.99.32.78','US','California','San Jose','95141',-121.89500000,37.33940000,'2016-07-10 16:54:44'),('37.26.93.2','GB','','',NULL,-0.12240000,51.49640000,'2016-07-17 10:03:44'),('46.105.202.21','FR','','',NULL,2.33870000,48.85820000,'2016-07-14 19:15:13'),('50.16.234.115','US','Virginia','Ashburn','20147',-77.53900000,39.01800000,'2016-07-10 16:55:33'),('50.17.233.203','US','Virginia','Ashburn','20147',-77.53900000,39.01800000,'2016-07-18 16:33:23'),('50.19.219.120','US','Virginia','Ashburn','20147',-77.53900000,39.01800000,'2016-07-14 21:12:28'),('50.19.220.208','US','Virginia','Ashburn','20147',-77.53900000,39.01800000,'2016-07-10 16:55:24'),('50.19.249.125','US','Virginia','Ashburn','20147',-77.53900000,39.01800000,'2016-07-10 16:55:31'),('52.20.116.4','US','Virginia','Ashburn','20147',-77.53900000,39.01800000,'2016-07-16 15:28:19'),('52.48.63.65','IE','Leinster','Dublin',NULL,-6.24890000,53.33310000,'2016-07-17 11:16:16'),('52.48.63.69','IE','Leinster','Dublin',NULL,-6.24890000,53.33310000,'2016-07-17 11:16:20'),('52.48.63.71','IE','Leinster','Dublin',NULL,-6.24890000,53.33310000,'2016-07-17 11:16:23'),('52.71.176.143','US','Virginia','Ashburn','20147',-77.53900000,39.01800000,'2016-07-17 11:16:19'),('52.85.67.120','US','Washington','Seattle','98109',-122.34220000,47.63440000,'2016-07-10 16:54:49'),('54.164.34.41','US','Virginia','Ashburn','20147',-77.53900000,39.01800000,'2016-07-17 10:02:53'),('54.171.191.253','IE','Leinster','Dublin',NULL,-6.24890000,53.33310000,'2016-07-17 11:16:23'),('54.171.191.254','IE','Leinster','Dublin',NULL,-6.24890000,53.33310000,'2016-07-17 11:16:22'),('54.173.59.133','US','Virginia','Ashburn','20147',-77.53900000,39.01800000,'2016-07-10 16:54:49'),('54.209.123.115','US','Virginia','Ashburn','20147',-77.53900000,39.01800000,'2016-07-10 16:54:31'),('54.221.247.161','US','Virginia','Ashburn','20147',-77.53900000,39.01800000,'2016-07-10 16:54:47'),('54.221.254.21','US','Virginia','Ashburn','20147',-77.53900000,39.01800000,'2016-07-14 19:17:16'),('54.225.168.139','US','Virginia','Ashburn','20147',-77.53900000,39.01800000,'2016-07-10 16:55:16'),('54.231.193.41','DE','Hesse','Frankfurt am Main','60308',8.68330000,50.11670000,'2016-07-17 11:16:16'),('54.231.194.32','DE','Hesse','Frankfurt am Main','60308',8.68330000,50.11670000,'2016-07-17 11:16:21'),('54.231.194.41','DE','Hesse','Frankfurt am Main','60308',8.68330000,50.11670000,'2016-07-17 11:16:21'),('54.231.194.49','DE','Hesse','Frankfurt am Main','60308',8.68330000,50.11670000,'2016-07-17 11:16:16'),('54.243.102.194','US','Virginia','Ashburn','20147',-77.53900000,39.01800000,'2016-07-10 16:54:48'),('54.243.149.90','US','Virginia','Ashburn','20147',-77.53900000,39.01800000,'2016-07-10 16:54:55'),('54.243.150.107','US','Virginia','Ashburn','20147',-77.53900000,39.01800000,'2016-07-10 16:55:24'),('54.243.55.41','US','Virginia','Ashburn','20147',-77.53900000,39.01800000,'2016-07-10 16:55:26'),('54.243.69.54','US','Virginia','Ashburn','20147',-77.53900000,39.01800000,'2016-07-14 19:15:30'),('54.246.196.170','IE','Leinster','Dublin',NULL,-6.24890000,53.33310000,'2016-07-17 11:16:20'),('54.246.196.171','IE','Leinster','Dublin',NULL,-6.24890000,53.33310000,'2016-07-17 11:16:20'),('62.165.171.26','FI','','',NULL,24.93750000,60.17080000,'2016-07-10 16:54:51'),('64.233.167.95','US','California','Mountain View','94043',-122.05740000,37.41920000,'2016-07-14 19:17:01'),('68.232.35.180','US','California','Santa Monica','90405',-118.46820000,34.01190000,'2016-07-10 16:55:18'),('69.171.230.5','US','Wyoming','Jackson','83001',-110.51500000,43.45600000,'2016-07-10 16:54:43'),('72.51.26.219','US','New York','New York','10004',-74.02030000,40.68880000,'2016-07-14 19:17:05'),('74.120.148.203','US','California','Mountain View','94043',-122.05740000,37.41920000,'2016-07-10 16:55:20'),('74.125.206.121','US','California','Mountain View','94043',-122.05740000,37.41920000,'2016-07-10 16:55:40'),('83.151.211.45','GB','','',NULL,-0.12240000,51.49640000,'2016-07-10 16:54:31'),('89.30.121.150','EU','','',NULL,8.00000000,47.00000000,'2016-07-10 16:54:55'),('89.30.121.170','EU','','',NULL,8.00000000,47.00000000,'2016-07-14 19:15:14'),('91.121.28.135','FR','','',NULL,2.33870000,48.85820000,'2016-07-10 16:54:34'),('93.184.220.17','US','','',NULL,-97.82200000,37.75100000,'2016-07-14 19:15:36');
/*!40000 ALTER TABLE `location` ENABLE KEYS */;
UNLOCK TABLES;

--
-- Table structure for table `mallodroid`
--

DROP TABLE IF EXISTS `mallodroid`;
/*!40101 SET @saved_cs_client     = @@character_set_client */;
/*!40101 SET character_set_client = utf8 */;
CREATE TABLE `mallodroid` (
  `package` varchar(100) NOT NULL,
  `mallo_text` text NOT NULL,
  `vuln_in` int(11) DEFAULT NULL COMMENT '1 = vuln in 3rd party, 2 = vuln in own code, 3 = both',
  `vuln_package` varchar(100) DEFAULT NULL,
  `time` timestamp NOT NULL DEFAULT CURRENT_TIMESTAMP,
  KEY `package` (`package`),
  CONSTRAINT `mallodroid_ibfk_1` FOREIGN KEY (`package`) REFERENCES `apps` (`package`) ON DELETE CASCADE ON UPDATE CASCADE
) ENGINE=InnoDB DEFAULT CHARSET=latin1;
/*!40101 SET character_set_client = @saved_cs_client */;

--
-- Dumping data for table `mallodroid`
--

LOCK TABLES `mallodroid` WRITE;
/*!40000 ALTER TABLE `mallodroid` DISABLE KEYS */;
INSERT INTO `mallodroid` VALUES ('com.veclink.movnow.healthy_q2','no internet permission',0,NULL,'2016-07-19 08:23:53'),('com.ks.wristband','no output',0,NULL,'2016-07-19 08:24:12'),('com.stabxtom.thomson','<trustmanager broken=\"True\" class=\"com.baidu.api.Util$a\">\n<xref class=\"com.baidu.api.Util\" method=\"c\"/>\n</trustmanager>',2,'com.baidu.api.Util','2016-07-19 08:28:08'),('com.stabxtom.thomson','<trustmanager broken=\"True\" class=\"com.weibo.sdk.android.net.HttpManager$MySSLSocketFactory$1\">\n<xref class=\"com.weibo.sdk.android.net.HttpManager$MySSLSocketFactory\" method=\"&lt;init&gt;\"/>\n</trustmanager>',2,'com.weibo.sdk.android.net.HttpManager$MySSLSocketFactory','2016-07-19 08:28:08'),('com.stabxtom.thomson','<hostnameverifier broken=\"True\" class=\"com.h\">\n<xref class=\"com.baidu.api.Util\" method=\"c\"/>\n</hostnameverifier>',2,'com.baidu.api.Util','2016-07-19 08:28:08'),('com.stabxtom.thomson','<sslerror broken=\"Maybe\" class=\"com.facebook.widget.WebDialog$DialogWebViewClient\">\n<xref class=\"com.facebook.widget.WebDialog\" method=\"setUpWebView\"/>\n</sslerror>',2,'com.facebook.widget.WebDialog','2016-07-19 08:28:08'),('com.stabxtom.thomson','<sslerror broken=\"Maybe\" class=\"com.weibo.sdk.android.WeiboDialog$WeiboWebViewClient\">\n<xref class=\"com.weibo.sdk.android.WeiboDialog\" method=\"setUpWebView\"/>\n</sslerror>',2,'com.weibo.sdk.android.WeiboDialog','2016-07-19 08:28:08'),('fi.polar.polarflow','<sslerror broken=\"Maybe\" class=\"com.facebook.internal.WebDialog$DialogWebViewClient\">\n<xref class=\"com.facebook.internal.WebDialog\" method=\"setUpWebView\"/>\n</sslerror>',2,'com.facebook.internal.WebDialog','2016-07-19 08:28:44'),('com.activ8rlives.mobile','no output',0,NULL,'2016-07-19 08:29:27'),('com.jawbone.upopen','<sslerror broken=\"Maybe\" class=\"com.facebook.internal.WebDialog$DialogWebViewClient\">\n<xref class=\"com.facebook.internal.WebDialog\" method=\"setUpWebView\"/>\n</sslerror>',2,'com.facebook.internal.WebDialog','2016-07-19 08:29:45'),('com.hapiconnect','<trustmanager broken=\"Maybe\" class=\"com.hapi.bs.SSLClient$2\">\n<xref class=\"com.hapi.bs.SSLClient\" method=\"trustAllHosts\"/>\n</trustmanager>',2,'com.hapi.bs.SSLClient','2016-07-19 08:33:59'),('com.hapiconnect','<trustmanager broken=\"Maybe\" class=\"io.fabric.sdk.android.services.network.PinningTrustManager\">\n<xref class=\"io.fabric.sdk.android.services.network.NetworkUtils\" method=\"getSSLSocketFactory\"/>\n</trustmanager>',2,'io.fabric.sdk.android.services.network.NetworkUtils','2016-07-19 08:33:59'),('com.hapiconnect','<trustmanager broken=\"True\" class=\"m.framework.network.SSLSocketFactoryEx$1\">\n<xref class=\"m.framework.network.SSLSocketFactoryEx\" method=\"&lt;init&gt;\"/>\n</trustmanager>',2,'m.framework.network.SSLSocketFactoryEx','2016-07-19 08:33:59'),('com.hapiconnect','<hostnameverifier broken=\"Maybe\" class=\"com.hapi.bs.SSLClient$1\">\n<xref class=\"com.hapi.bs.SSLClient\" method=\"&lt;clinit&gt;\"/>\n</hostnameverifier>',2,'com.hapi.bs.SSLClient','2016-07-19 08:33:59'),('com.mioglobal.android.miogo','<trustmanager broken=\"True\" class=\"com.couchbase.lite.support.CouchbaseLiteHttpClientFactory$SelfSignedSSLSocketFactory$1\">\n<xref class=\"com.couchbase.lite.support.CouchbaseLiteHttpClientFactory$SelfSignedSSLSocketFactory\" method=\"&lt;init&gt;\"/>\n</trustmanager>',2,'com.couchbase.lite.support.CouchbaseLiteHttpClientFactory$SelfSignedSSLSocketFactory','2016-07-19 08:34:36'),('com.mioglobal.android.miogo','<trustmanager broken=\"Maybe\" class=\"io.fabric.sdk.android.services.network.PinningTrustManager\">\n<xref class=\"io.fabric.sdk.android.services.network.NetworkUtils\" method=\"getSSLSocketFactory\"/>\n</trustmanager>',2,'io.fabric.sdk.android.services.network.NetworkUtils','2016-07-19 08:34:36'),('com.mioglobal.android.miogo','<hostnameverifier broken=\"Maybe\" class=\"com.squareup.okhttp.internal.tls.OkHostnameVerifier\">\n<xref class=\"com.squareup.okhttp.internal.tls.OkHostnameVerifier\" method=\"&lt;clinit&gt;\"/>\n</hostnameverifier>',2,'com.squareup.okhttp.internal.tls.OkHostnameVerifier','2016-07-19 08:34:36'),('com.withings.wiscale2','<trustmanager broken=\"True\" class=\"org.jivesoftware.smack.util.TLSUtils$AcceptAllTrustManager\">\n<xref class=\"org.jivesoftware.smack.util.TLSUtils\" method=\"acceptAllCertificates\"/>\n</trustmanager>',2,'org.jivesoftware.smack.util.TLSUtils','2016-07-19 08:35:17'),('com.withings.wiscale2','<hostnameverifier broken=\"Maybe\" class=\"com.squareup.okhttp.internal.tls.OkHostnameVerifier\">\n<xref class=\"com.squareup.okhttp.internal.tls.OkHostnameVerifier\" method=\"&lt;clinit&gt;\"/>\n</hostnameverifier>',2,'com.squareup.okhttp.internal.tls.OkHostnameVerifier','2016-07-19 08:35:17'),('com.withings.wiscale2','<hostnameverifier broken=\"True\" class=\"org.jivesoftware.smack.util.TLSUtils$1\">\n<xref class=\"org.jivesoftware.smack.util.TLSUtils\" method=\"&lt;clinit&gt;\"/>\n</hostnameverifier>',2,'org.jivesoftware.smack.util.TLSUtils','2016-07-19 08:35:17'),('com.fitbit.FitbitMobile','<trustmanager broken=\"True\" class=\"com.amazonaws.http.g$c\">\n<xref class=\"com.amazonaws.http.g$b\" method=\"&lt;init&gt;\"/>\n</trustmanager>',2,'com.amazonaws.http.g$b','2016-07-19 08:38:27'),('com.fitbit.FitbitMobile','<trustmanager broken=\"True\" class=\"com.amazonaws.http.s$b\">\n<xref class=\"com.amazonaws.http.s\" method=\"a\"/>\n</trustmanager>',2,'com.amazonaws.http.s','2016-07-19 08:38:27'),('com.fitbit.FitbitMobile','<hostnameverifier broken=\"True\" class=\"com.amazonaws.http.s$a\">\n<xref class=\"com.amazonaws.http.s\" method=\"a\"/>\n</hostnameverifier>',2,'com.amazonaws.http.s','2016-07-19 08:38:27'),('com.fitbit.FitbitMobile','<sslerror broken=\"Maybe\" class=\"com.facebook.internal.ab$b\">\n<xref class=\"com.facebook.internal.ab\" method=\"a\"/>\n</sslerror>',2,'com.facebook.internal.ab','2016-07-19 08:38:27');
/*!40000 ALTER TABLE `mallodroid` ENABLE KEYS */;
UNLOCK TABLES;

--
-- Table structure for table `malware`
--

DROP TABLE IF EXISTS `malware`;
/*!40101 SET @saved_cs_client     = @@character_set_client */;
/*!40101 SET character_set_client = utf8 */;
CREATE TABLE `malware` (
  `package` varchar(50) NOT NULL,
  `timestamp` timestamp NOT NULL DEFAULT CURRENT_TIMESTAMP,
  `tool` varchar(45) NOT NULL,
  `result` varchar(45) NOT NULL,
  `logfile` varchar(200) NOT NULL,
  PRIMARY KEY (`package`,`tool`)
) ENGINE=InnoDB DEFAULT CHARSET=latin1;
/*!40101 SET character_set_client = @saved_cs_client */;

--
-- Dumping data for table `malware`
--

LOCK TABLES `malware` WRITE;
/*!40000 ALTER TABLE `malware` DISABLE KEYS */;
INSERT INTO `malware` VALUES ('com.activ8rlives.mobile','2016-07-19 09:54:13','EviCheck','valid','/media/exthdd/apps/com.activ8rlives.mobile/EviCheck.log'),('com.activ8rlives.mobile','2016-07-19 10:02:49','ExplainDroid','benign','/media/exthdd/apps/com.activ8rlives.mobile/ExplainDroid.log'),('com.fitbit.FitbitMobile','2016-07-19 09:59:27','EviCheck','valid','/media/exthdd/apps/com.fitbit.FitbitMobile/EviCheck.log'),('com.fitbit.FitbitMobile','2016-07-19 10:02:56','ExplainDroid','benign','/media/exthdd/apps/com.fitbit.FitbitMobile/ExplainDroid.log'),('com.garmin.android.apps.connectmobile','2016-07-19 09:56:48','EviCheck','valid','/media/exthdd/apps/com.garmin.android.apps.connectmobile/EviCheck.log'),('com.garmin.android.apps.connectmobile','2016-07-19 10:02:48','ExplainDroid','benign','/media/exthdd/apps/com.garmin.android.apps.connectmobile/ExplainDroid.log'),('com.hapiconnect','2016-07-19 09:56:06','EviCheck','valid','/media/exthdd/apps/com.hapiconnect/EviCheck.log'),('com.hapiconnect','2016-07-19 10:03:09','ExplainDroid','malicious','/media/exthdd/apps/com.hapiconnect/ExplainDroid.log'),('com.jawbone.upopen','2016-07-19 09:43:12','EviCheck','valid','/media/exthdd/apps/com.jawbone.upopen/EviCheck.log'),('com.jawbone.upopen','2016-07-19 10:02:27','ExplainDroid','benign','/media/exthdd/apps/com.jawbone.upopen/ExplainDroid.log'),('com.ks.wristband','2016-07-19 09:48:45','EviCheck','valid','/media/exthdd/apps/com.ks.wristband/EviCheck.log'),('com.ks.wristband','2016-07-19 10:02:11','ExplainDroid','benign','/media/exthdd/apps/com.ks.wristband/ExplainDroid.log'),('com.medm.medmwt.diary','2016-07-19 09:52:20','EviCheck','valid','/media/exthdd/apps/com.medm.medmwt.diary/EviCheck.log'),('com.medm.medmwt.diary','2016-07-19 10:02:27','ExplainDroid','benign','/media/exthdd/apps/com.medm.medmwt.diary/ExplainDroid.log'),('com.microsoft.kapp','2016-07-19 10:01:17','EviCheck','valid','/media/exthdd/apps/com.microsoft.kapp/EviCheck.log'),('com.microsoft.kapp','2016-07-19 10:03:04','ExplainDroid','benign','/media/exthdd/apps/com.microsoft.kapp/ExplainDroid.log'),('com.mioglobal.android.miogo','2016-07-19 09:55:58','EviCheck','valid','/media/exthdd/apps/com.mioglobal.android.miogo/EviCheck.log'),('com.mioglobal.android.miogo','2016-07-19 10:02:56','ExplainDroid','benign','/media/exthdd/apps/com.mioglobal.android.miogo/ExplainDroid.log'),('com.stabxtom.thomson','2016-07-19 09:50:44','EviCheck','valid','/media/exthdd/apps/com.stabxtom.thomson/EviCheck.log'),('com.stabxtom.thomson','2016-07-19 10:02:31','ExplainDroid','benign','/media/exthdd/apps/com.stabxtom.thomson/ExplainDroid.log'),('com.veclink.movnow.healthy_q2','2016-07-19 09:48:36','EviCheck','valid','/media/exthdd/apps/com.veclink.movnow.healthy_q2/EviCheck.log'),('com.veclink.movnow.healthy_q2','2016-07-19 10:02:11','ExplainDroid','benign','/media/exthdd/apps/com.veclink.movnow.healthy_q2/ExplainDroid.log'),('com.withings.wiscale2','2016-07-19 09:57:20','EviCheck','valid','/media/exthdd/apps/com.withings.wiscale2/EviCheck.log'),('com.withings.wiscale2','2016-07-19 10:02:49','ExplainDroid','benign','/media/exthdd/apps/com.withings.wiscale2/ExplainDroid.log'),('com.zensorium.tinke','2016-07-19 09:55:15','EviCheck','valid','/media/exthdd/apps/com.zensorium.tinke/EviCheck.log'),('com.zensorium.tinke','2016-07-19 10:02:58','ExplainDroid','benign','/media/exthdd/apps/com.zensorium.tinke/ExplainDroid.log'),('fi.polar.polarflow','2016-07-19 09:53:54','EviCheck','valid','/media/exthdd/apps/fi.polar.polarflow/EviCheck.log'),('fi.polar.polarflow','2016-07-19 10:02:27','ExplainDroid','benign','/media/exthdd/apps/fi.polar.polarflow/ExplainDroid.log');
/*!40000 ALTER TABLE `malware` ENABLE KEYS */;
UNLOCK TABLES;

--
-- Table structure for table `obfuscation`
--

DROP TABLE IF EXISTS `obfuscation`;
/*!40101 SET @saved_cs_client     = @@character_set_client */;
/*!40101 SET character_set_client = utf8 */;
CREATE TABLE `obfuscation` (
  `package` varchar(200) NOT NULL,
  `score` varchar(45) NOT NULL,
  `native_score` varchar(45) NOT NULL,
  `time` timestamp NOT NULL DEFAULT CURRENT_TIMESTAMP,
  PRIMARY KEY (`package`),
  CONSTRAINT `fk_new_table_1` FOREIGN KEY (`package`) REFERENCES `apps` (`package`) ON DELETE NO ACTION ON UPDATE NO ACTION
) ENGINE=InnoDB DEFAULT CHARSET=latin1;
/*!40101 SET character_set_client = @saved_cs_client */;

--
-- Dumping data for table `obfuscation`
--

LOCK TABLES `obfuscation` WRITE;
/*!40000 ALTER TABLE `obfuscation` DISABLE KEYS */;
INSERT INTO `obfuscation` VALUES ('com.activ8rlives.mobile','0.0','0.0','2016-07-19 09:01:17'),('com.fitbit.FitbitMobile','0.222499632839','0.0731707317073','2016-07-19 09:02:45'),('com.garmin.android.apps.connectmobile','0.76415558838','0.812818502548','2016-07-19 09:02:14'),('com.hapiconnect','0.00039169604387','0.0','2016-07-19 09:01:49'),('com.jawbone.upopen','0.000151148730351','0.0','2016-07-19 09:01:18'),('com.ks.wristband','0.11369193154','0.0','2016-07-19 09:00:18'),('com.medm.medmwt.diary','0.0','0.0','2016-07-19 09:01:13'),('com.microsoft.kapp','0.0193268910363','0.0','2016-07-19 09:03:12'),('com.mioglobal.android.miogo','0.0165312811743','0.0','2016-07-19 09:02:03'),('com.stabxtom.thomson','0.0220378532538','0.0','2016-07-19 09:00:45'),('com.veclink.movnow.healthy_q2','0.0','-1','2016-07-19 09:00:16'),('com.withings.wiscale2','0.000141884222474','0.0','2016-07-19 09:02:13'),('com.zensorium.tinke','0.0','0.0','2016-07-19 09:01:35'),('fi.polar.polarflow','0.00649008945799','0.0','2016-07-19 09:01:08');
/*!40000 ALTER TABLE `obfuscation` ENABLE KEYS */;
UNLOCK TABLES;

--
-- Table structure for table `permissions`
--

DROP TABLE IF EXISTS `permissions`;
/*!40101 SET @saved_cs_client     = @@character_set_client */;
/*!40101 SET character_set_client = utf8 */;
CREATE TABLE `permissions` (
  `id` int(11) NOT NULL AUTO_INCREMENT,
  `name` text,
  `time` timestamp NOT NULL DEFAULT CURRENT_TIMESTAMP,
  PRIMARY KEY (`id`),
  UNIQUE KEY `uname` (`name`(100))
) ENGINE=InnoDB AUTO_INCREMENT=492 DEFAULT CHARSET=latin1;
/*!40101 SET character_set_client = @saved_cs_client */;

--
-- Dumping data for table `permissions`
--

LOCK TABLES `permissions` WRITE;
/*!40000 ALTER TABLE `permissions` DISABLE KEYS */;
INSERT INTO `permissions` VALUES (426,'com.samsung.android.providers.context.permission.WRITE_USE_APP_FEATURE_SURVEY','2016-07-01 18:57:45'),(427,'android.permission.RECEIVE_BOOT_COMPLETED','2016-07-01 18:57:45'),(428,'android.permission.BODY_SENSORS','2016-07-01 18:57:45'),(429,'android.permission.INTERNET','2016-07-01 18:57:46'),(430,'android.permission.ACCESS_NETWORK_STATE','2016-07-01 18:57:46'),(431,'android.permission.ACCESS_FINE_LOCATION','2016-07-01 18:57:46'),(432,'android.permission.ACCESS_COARSE_LOCATION','2016-07-01 18:57:46'),(433,'android.permission.WAKE_LOCK','2016-07-01 18:57:46'),(434,'android.permission.WRITE_EXTERNAL_STORAGE','2016-07-01 18:57:46'),(435,'android.permission.BROADCAST_STICKY','2016-07-01 18:57:46'),(436,'android.permission.READ_CONTACTS','2016-07-01 18:57:46'),(437,'android.permission.RECORD_AUDIO','2016-07-01 18:57:46'),(438,'android.permission.MODIFY_AUDIO_SETTINGS','2016-07-01 18:57:46'),(439,'com.google.android.c2dm.permission.RECEIVE','2016-07-01 18:57:46'),(440,'android.permission.GET_ACCOUNTS','2016-07-01 18:57:46'),(441,'android.permission.VIBRATE','2016-07-01 18:57:46'),(442,'android.permission.BLUETOOTH','2016-07-01 18:57:46'),(443,'android.permission.BLUETOOTH_ADMIN','2016-07-01 18:57:46'),(444,'com.jawbone.up.permission.MAPS_RECEIVE','2016-07-01 18:57:46'),(445,'com.google.android.providers.gsf.permission.READ_GSERVICES','2016-07-01 18:57:47'),(446,'android.permission.READ_PHONE_STATE','2016-07-01 18:57:47'),(447,'android.permission.CAMERA','2016-07-01 18:57:47'),(448,'android.permission.FLASHLIGHT','2016-07-01 18:57:47'),(449,'android.permission.READ_EXTERNAL_STORAGE','2016-07-01 18:57:47'),(450,'android.permission.MOUNT_UNMOUNT_FILESYSTEMS','2016-07-01 18:57:47'),(451,'android.permission.ACCESS_WIFI_STATE','2016-07-01 18:57:47'),(452,'android.permission.CHANGE_WIFI_STATE','2016-07-01 18:57:47'),(453,'android.permission.ACCESS_GPS','2016-07-01 18:57:47'),(454,'android.permission.READ_LOGS','2016-07-01 18:57:48'),(455,'android.permission.USE_CREDENTIALS','2016-07-01 18:57:48'),(456,'android.permission.MANAGE_ACCOUNTS','2016-07-01 18:57:48'),(457,'android.permission.AUTHENTICATE_ACCOUNTS','2016-07-01 18:57:48'),(458,'com.android.launcher.permission.READ_SETTINGS','2016-07-01 18:57:48'),(459,'android.permission.WRITE_SETTINGS','2016-07-01 18:57:48'),(460,'android.permission.GET_TASKS','2016-07-01 18:57:48'),(461,'android.permission.RECEIVE_SMS','2016-07-01 18:57:48'),(462,'android.permission.MEDIA_CONTENT_CONTROL','2016-07-01 18:57:48'),(463,'android.permission.READ_SYNC_SETTINGS','2016-07-01 18:57:48'),(464,'android.permission.INTERACT_ACROSS_USERS_FULL','2016-07-01 18:57:48'),(465,'android.permission.CALL_PHONE','2016-07-01 18:57:48'),(466,'android.permission.READ_CALL_LOG','2016-07-01 18:57:48'),(467,'com.withings.wiscale2.permission.C2D_MESSAGE','2016-07-01 18:57:49'),(468,'activ8map.Android.permission.MAPS_RECEIVE','2016-07-01 18:57:49'),(469,'android.permission.BLUETOOTH_PRIVILEGED','2016-07-01 18:57:50'),(470,'android.permission.DISABLE_KEYGUARD','2016-07-01 18:57:50'),(471,'android.permission.SYSTEM_ALERT_WINDOW','2016-07-01 18:57:50'),(472,'android.permission.NFC','2016-07-01 18:57:50'),(473,'com.medm.medmwt.diary.permission.C2D_MESSAGE','2016-07-01 18:57:50'),(474,'android.permission.CHANGE_CONFIGURATION','2016-07-01 18:57:50'),(475,'com.fitbit.FitbitMobile.permission.C2D_MESSAGE','2016-07-01 18:57:51'),(476,'com.android.vending.CHECK_LICENSE','2016-07-01 18:57:52'),(477,'com.garmin.android.apps.connectmobile.permission.MAPS_RECEIVE','2016-07-01 18:57:52'),(478,'com.garmin.android.apps.connectmobile.permission.RECEIVE_BROADCASTS','2016-07-01 18:57:52'),(479,'android.permission.DOWNLOAD_WITHOUT_NOTIFICATION','2016-07-01 18:57:52'),(480,'android.permission.READ_CALENDAR','2016-07-01 18:57:52'),(481,'android.permission.WRITE_CALL_LOG','2016-07-01 18:57:52'),(482,'com.garmin.android.apps.connectmobile.permission.C2D_MESSAGE','2016-07-01 18:57:53'),(483,'android.permission.PROCESS_OUTGOING_CALLS','2016-07-08 15:51:11'),(484,'android.permission.READ_SMS','2016-07-08 15:51:11'),(485,'android.permission.SEND_SMS','2016-07-08 15:51:11'),(486,'com.microsoft.band.service.access.BIND_BAND_SERVICE','2016-07-08 15:51:11'),(487,'com.microsoft.band.service.access.BIND_BAND_SERVICE_ADMIN','2016-07-08 15:51:11'),(488,'com.microsoft.kapp.permission.C2D_MESSAGE','2016-07-08 15:51:11'),(489,'android.permission.ACCESS_DOWNLOAD_MANAGER','2016-07-08 15:51:12'),(490,'android.permission.USE_FINGERPRINT','2016-07-17 10:51:43'),(491,'com.cookies.app.permission.C2D_MESSAGE','2016-07-17 10:51:43');
/*!40000 ALTER TABLE `permissions` ENABLE KEYS */;
UNLOCK TABLES;

--
-- Table structure for table `pripol`
--

DROP TABLE IF EXISTS `pripol`;
/*!40101 SET @saved_cs_client     = @@character_set_client */;
/*!40101 SET character_set_client = utf8 */;
CREATE TABLE `pripol` (
  `package` varchar(80) NOT NULL,
  `URL` varchar(100) DEFAULT NULL COMMENT 'stores URL of privacy policy, uses -none- if not found',
  `NumWords` int(6) DEFAULT NULL,
  `NumChars` int(6) DEFAULT NULL COMMENT 'stores number of non white space chars',
  `version` varchar(100) DEFAULT NULL,
  `Country` varchar(3) DEFAULT NULL,
  `AP` varchar(6) DEFAULT NULL COMMENT 'Accountability Principle: Data Controller named / detailed contact data given in privacy policy? (E-Mail only => partly)',
  `SSP` varchar(6) DEFAULT NULL COMMENT 'Security Safeguards Principle: security safeguards described?',
  `OP` varchar(6) DEFAULT NULL COMMENT 'Openness Principle: Types of Data collected described?',
  `PSP` varchar(6) DEFAULT NULL COMMENT 'Purpose Specification Principle: Purpose of data collection and usage of data described?',
  `IPP` varchar(6) DEFAULT NULL COMMENT 'Individual Participation Principle: rights of the individual described',
  `intUsage` varchar(6) DEFAULT NULL COMMENT 'Medical Data can be used for other internal purposes like  for marketing, research',
  `3rdPartyStorage` varchar(6) DEFAULT NULL COMMENT 'Data stored by third party',
  `Merger` varchar(6) DEFAULT NULL COMMENT 'Medical Data passed on in case of merger or acquisition',
  `3rdPartyForward` varchar(6) DEFAULT NULL COMMENT 'Medical Data can  be passed on to  other 3rd parties (other than required by law)',
  `quotes` longtext,
  `comments` longtext,
  PRIMARY KEY (`package`),
  CONSTRAINT `pripol_ibfk_1` FOREIGN KEY (`package`) REFERENCES `apps` (`package`) ON DELETE CASCADE ON UPDATE CASCADE
) ENGINE=InnoDB DEFAULT CHARSET=latin1 COMMENT='stores results of privacy policy comparison';
/*!40101 SET character_set_client = @saved_cs_client */;

--
-- Dumping data for table `pripol`
--

LOCK TABLES `pripol` WRITE;
/*!40000 ALTER TABLE `pripol` DISABLE KEYS */;
INSERT INTO `pripol` VALUES ('com.activ8rlives.mobile','http://data.activ8rlives.com/Terms/TCs.htm',0,0,NULL,NULL,NULL,NULL,NULL,NULL,NULL,NULL,NULL,NULL,NULL,NULL,NULL),('com.fitbit.FitbitMobile','http://www.fitbit.com/privacy',0,0,NULL,NULL,NULL,NULL,NULL,NULL,NULL,NULL,NULL,NULL,NULL,NULL,NULL),('com.garmin.android.apps.connectmobile','http://www.garmin.com/privacy',0,0,NULL,NULL,NULL,NULL,NULL,NULL,NULL,NULL,NULL,NULL,NULL,NULL,NULL),('com.hapiconnect','http://www.hapi.com/privacypolicy',NULL,NULL,NULL,NULL,NULL,NULL,NULL,NULL,NULL,NULL,NULL,NULL,NULL,NULL,NULL),('com.jawbone.upopen','http://www.jawbone.com/privacy',0,0,NULL,NULL,NULL,NULL,NULL,NULL,NULL,NULL,NULL,NULL,NULL,NULL,NULL),('com.ks.wristband','',0,0,NULL,NULL,NULL,NULL,NULL,NULL,NULL,NULL,NULL,NULL,NULL,NULL,NULL),('com.medm.medmwt.diary','https://health.medm.com/privacy',0,0,NULL,NULL,NULL,NULL,NULL,NULL,NULL,NULL,NULL,NULL,NULL,NULL,NULL),('com.microsoft.kapp','http://go.microsoft.com/fwlink/?LinkId=521839',0,0,NULL,NULL,NULL,NULL,NULL,NULL,NULL,NULL,NULL,NULL,NULL,NULL,NULL),('com.mioglobal.android.miogo','http://www.mioglobal.com/privacy-policy.htm',0,0,NULL,NULL,NULL,NULL,NULL,NULL,NULL,NULL,NULL,NULL,NULL,NULL,NULL),('com.stabxtom.thomson','',0,0,NULL,NULL,NULL,NULL,NULL,NULL,NULL,NULL,NULL,NULL,NULL,NULL,NULL),('com.veclink.movnow.healthy_q2','',0,0,NULL,NULL,NULL,NULL,NULL,NULL,NULL,NULL,NULL,NULL,NULL,NULL,NULL),('com.withings.wiscale2','http://vitrine.withings.com/privacy-terms',0,0,NULL,NULL,NULL,NULL,NULL,NULL,NULL,NULL,NULL,NULL,NULL,NULL,NULL),('com.zensorium.tinke','http://www.zensorium.com/tinke/privacy-site.html',0,0,NULL,NULL,NULL,NULL,NULL,NULL,NULL,NULL,NULL,NULL,NULL,NULL,NULL),('fi.polar.polarflow','http://www.polar.com/en/legal_notice#privacypolicy',0,0,NULL,NULL,NULL,NULL,NULL,NULL,NULL,NULL,NULL,NULL,NULL,NULL,NULL);
/*!40000 ALTER TABLE `pripol` ENABLE KEYS */;
UNLOCK TABLES;

--
-- Table structure for table `urls`
--

DROP TABLE IF EXISTS `urls`;
/*!40101 SET @saved_cs_client     = @@character_set_client */;
/*!40101 SET character_set_client = utf8 */;
CREATE TABLE `urls` (
  `package` varchar(100) NOT NULL,
  `url` varchar(200) NOT NULL,
  `host` varchar(200) NOT NULL,
  `hostname` varchar(100) DEFAULT NULL,
  `organization` varchar(100) DEFAULT NULL,
  `analysis` varchar(1) NOT NULL COMMENT 'd-dynamic or s-static',
  `time` timestamp NOT NULL DEFAULT CURRENT_TIMESTAMP,
  `test_case` varchar(100) NOT NULL,
  PRIMARY KEY (`package`,`url`,`test_case`),
  KEY `fk_urls_1_idx` (`test_case`),
  CONSTRAINT `fk_urls_1` FOREIGN KEY (`test_case`) REFERENCES `experiment_test_cases` (`name`) ON DELETE NO ACTION ON UPDATE NO ACTION,
  CONSTRAINT `urls_ibfk_1` FOREIGN KEY (`package`) REFERENCES `apps` (`package`) ON DELETE CASCADE ON UPDATE CASCADE
) ENGINE=InnoDB DEFAULT CHARSET=latin1;
/*!40101 SET character_set_client = @saved_cs_client */;

--
-- Dumping data for table `urls`
--

LOCK TABLES `urls` WRITE;
/*!40000 ALTER TABLE `urls` DISABLE KEYS */;
INSERT INTO `urls` VALUES ('com.activ8rlives.mobile','http://216.58.198.174/generate_204','216.58.198.174','connectivitycheck.gstatic.com','AS15169 Google Inc.','d','2016-07-16 17:45:36','av1_data_trans'),('com.activ8rlives.mobile','http://216.58.198.174/generate_204','216.58.198.174','clients3.google.com','AS15169 Google Inc.','d','2016-07-16 17:11:53','av5_sensor_device'),('com.activ8rlives.mobile','http://216.58.198.238/generate_204','216.58.198.238','connectivitycheck.gstatic.com','AS15169 Google Inc.','d','2016-07-16 17:11:53','av5_sensor_device'),('com.activ8rlives.mobile','https://216.58.198.174/auth','216.58.198.174','android.clients.google.com','AS15169 Google Inc.','d','2016-07-16 15:11:26','av3_mobile_app'),('com.activ8rlives.mobile','https://216.58.198.202/experimentsandconfigs/v1/getExperimentsAndConfigs?key=AIzaSyAP-gfH3qvi6vgHZbSYwQ_XHqV_mXHhzIk','216.58.198.202','www.googleapis.com','AS15169 Google Inc.','d','2016-07-16 15:11:26','av3_mobile_app'),('com.activ8rlives.mobile','https://216.58.198.202/log','216.58.198.202','play.googleapis.com','AS15169 Google Inc.','d','2016-07-16 15:11:26','av3_mobile_app'),('com.activ8rlives.mobile','https://37.26.93.2/rest/namespace/files/data/image/061534.jpg?uid=14ebd0402f9944e484b0afd9ac93f75a%2FA787185306ec4bd66a49&expires=1468696386&signature=3gwKx40HefUpIYgH%2BAhZFz4Ytcs%3D','37.26.93.2','cas00002.skyscapecloud.com','AS199055 Skyscape Cloud Services Ltd','d','2016-07-16 18:10:20','av2_mobile_device'),('com.activ8rlives.mobile','https://52.20.116.4/api/collected?apikey=60f742756040fe5bb98347cdb0e1b7bb28986502','52.20.116.4','xaapi.xamarin.com','AS14618 Amazon.com, Inc.','d','2016-07-16 17:45:36','av1_data_trans'),('com.activ8rlives.mobile','https://52.20.116.4/api/collected?apikey=60f742756040fe5bb98347cdb0e1b7bb28986502','52.20.116.4','xaapi.xamarin.com','AS14618 Amazon.com, Inc.','d','2016-07-16 18:10:20','av2_mobile_device'),('com.activ8rlives.mobile','https://52.20.116.4/api/collected?apikey=60f742756040fe5bb98347cdb0e1b7bb28986502','52.20.116.4','xaapi.xamarin.com','AS14618 Amazon.com, Inc.','d','2016-07-16 15:11:26','av3_mobile_app'),('com.activ8rlives.mobile','https://52.20.116.4/api/collected?apikey=60f742756040fe5bb98347cdb0e1b7bb28986502','52.20.116.4','xaapi.xamarin.com','AS14618 Amazon.com, Inc.','d','2016-07-16 17:11:53','av5_sensor_device'),('com.activ8rlives.mobile','https://52.20.116.4/api/ping','52.20.116.4','xaapi.xamarin.com','AS14618 Amazon.com, Inc.','d','2016-07-16 17:45:36','av1_data_trans'),('com.activ8rlives.mobile','https://52.20.116.4/api/ping','52.20.116.4','xaapi.xamarin.com','AS14618 Amazon.com, Inc.','d','2016-07-16 18:10:20','av2_mobile_device'),('com.activ8rlives.mobile','https://52.20.116.4/api/ping','52.20.116.4','xaapi.xamarin.com','AS14618 Amazon.com, Inc.','d','2016-07-16 15:11:26','av3_mobile_app'),('com.activ8rlives.mobile','https://52.20.116.4/api/ping','52.20.116.4','xaapi.xamarin.com','AS14618 Amazon.com, Inc.','d','2016-07-16 17:11:53','av5_sensor_device'),('com.activ8rlives.mobile','https://54.164.34.41/api/collected?apikey=60f742756040fe5bb98347cdb0e1b7bb28986502','54.164.34.41','xaapi.xamarin.com','AS14618 Amazon.com, Inc.','d','2016-07-16 18:01:30','av4_third_party'),('com.activ8rlives.mobile','https://54.164.34.41/api/collected?apikey=60f742756040fe5bb98347cdb0e1b7bb28986502','54.164.34.41','xaapi.xamarin.com','AS14618 Amazon.com, Inc.','d','2016-07-16 17:11:53','av5_sensor_device'),('com.activ8rlives.mobile','https://54.164.34.41/api/ping','54.164.34.41','xaapi.xamarin.com','AS14618 Amazon.com, Inc.','d','2016-07-16 18:01:30','av4_third_party'),('com.activ8rlives.mobile','https://54.164.34.41/api/ping','54.164.34.41','xaapi.xamarin.com','AS14618 Amazon.com, Inc.','d','2016-07-16 17:11:53','av5_sensor_device'),('com.activ8rlives.mobile','https://83.151.211.45/image/61534/','83.151.211.45','api.activ8rlives.com','AS199055 Skyscape Cloud Services Ltd','d','2016-07-16 18:10:20','av2_mobile_device'),('com.activ8rlives.mobile','https://83.151.211.45/spservice.asmx','83.151.211.45','api.activ8rlives.com','AS199055 Skyscape Cloud Services Ltd','d','2016-07-16 17:45:36','av1_data_trans'),('com.activ8rlives.mobile','https://83.151.211.45/spservice.asmx','83.151.211.45','api.activ8rlives.com','AS199055 Skyscape Cloud Services Ltd','d','2016-07-16 18:10:20','av2_mobile_device'),('com.activ8rlives.mobile','https://83.151.211.45/spservice.asmx','83.151.211.45','api.activ8rlives.com','AS199055 Skyscape Cloud Services Ltd','d','2016-07-16 15:11:26','av3_mobile_app'),('com.activ8rlives.mobile','https://83.151.211.45/spservice.asmx','83.151.211.45','api.activ8rlives.com','AS199055 Skyscape Cloud Services Ltd','d','2016-07-16 18:01:30','av4_third_party'),('com.activ8rlives.mobile','https://83.151.211.45/spservice.asmx','83.151.211.45','api.activ8rlives.com','AS199055 Skyscape Cloud Services Ltd','d','2016-07-16 17:11:53','av5_sensor_device'),('com.fitbit.FitbitMobile','https://104.16.65.50/oauth/access_token','104.16.65.50','android-api.fitbit.com','AS13335 CloudFlare, Inc.','d','2016-07-08 10:46:10','av1_data_trans'),('com.fitbit.FitbitMobile','https://104.16.65.50/oauth/authorize','104.16.65.50','android-api.fitbit.com','AS13335 CloudFlare, Inc.','d','2016-07-08 10:46:10','av1_data_trans'),('com.fitbit.FitbitMobile','https://104.16.65.50/oauth/request_token','104.16.65.50','android-api.fitbit.com','AS13335 CloudFlare, Inc.','d','2016-07-08 10:46:10','av1_data_trans'),('com.fitbit.FitbitMobile','https://104.16.66.50/1.1/devices/types.json','104.16.66.50','android-cdn-api.fitbit.com','AS13335 CloudFlare, Inc.','d','2016-07-08 10:46:10','av1_data_trans'),('com.fitbit.FitbitMobile','https://104.16.66.50/1.1/user/-/activities/date/2016-07-08.json','104.16.66.50','android-cdn-api.fitbit.com','AS13335 CloudFlare, Inc.','d','2016-07-08 10:46:10','av1_data_trans'),('com.fitbit.FitbitMobile','https://104.16.66.50/1.1/user/-/body/log/weight/list.json?sort=desc&beforeDate=2026-07-06&limit=30&offset=0','104.16.66.50','android-cdn-api.fitbit.com','AS13335 CloudFlare, Inc.','d','2016-07-08 10:46:10','av1_data_trans'),('com.fitbit.FitbitMobile','https://104.16.66.50/1.1/user/-/foods/log/date/2016-07-08.json','104.16.66.50','android-cdn-api.fitbit.com','AS13335 CloudFlare, Inc.','d','2016-07-08 10:46:10','av1_data_trans'),('com.fitbit.FitbitMobile','https://104.16.66.50/1.1/user/-/meals.json','104.16.66.50','android-cdn-api.fitbit.com','AS13335 CloudFlare, Inc.','d','2016-07-08 10:46:10','av1_data_trans'),('com.fitbit.FitbitMobile','https://104.16.66.50/1/account/restrictions.json','104.16.66.50','android-cdn-api.fitbit.com','AS13335 CloudFlare, Inc.','d','2016-07-08 10:46:10','av1_data_trans'),('com.fitbit.FitbitMobile','https://104.16.66.50/1/devices/client/tracker/data/preferences.json','104.16.66.50','android-cdn-api.fitbit.com','AS13335 CloudFlare, Inc.','d','2016-07-08 10:46:10','av1_data_trans'),('com.fitbit.FitbitMobile','https://104.16.66.50/1/foods/locales.json','104.16.66.50','android-cdn-api.fitbit.com','AS13335 CloudFlare, Inc.','d','2016-07-08 10:46:10','av1_data_trans'),('com.fitbit.FitbitMobile','https://104.16.66.50/1/foods/units.json','104.16.66.50','android-cdn-api.fitbit.com','AS13335 CloudFlare, Inc.','d','2016-07-08 10:46:10','av1_data_trans'),('com.fitbit.FitbitMobile','https://104.16.66.50/1/locales.json','104.16.66.50','android-cdn-api.fitbit.com','AS13335 CloudFlare, Inc.','d','2016-07-08 10:46:10','av1_data_trans'),('com.fitbit.FitbitMobile','https://104.16.66.50/1/timezones.json','104.16.66.50','android-cdn-api.fitbit.com','AS13335 CloudFlare, Inc.','d','2016-07-08 10:46:10','av1_data_trans'),('com.fitbit.FitbitMobile','https://104.16.66.50/1/user/-/activities/goals/daily.json','104.16.66.50','android-cdn-api.fitbit.com','AS13335 CloudFlare, Inc.','d','2016-07-08 10:46:10','av1_data_trans'),('com.fitbit.FitbitMobile','https://104.16.66.50/1/user/-/activities/steps/date/2016-06-24/2016-07-08.json','104.16.66.50','android-cdn-api.fitbit.com','AS13335 CloudFlare, Inc.','d','2016-07-08 10:46:10','av1_data_trans'),('com.fitbit.FitbitMobile','https://104.16.66.50/1/user/-/body/fat/date/2016-06-08/2016-07-08.json','104.16.66.50','android-cdn-api.fitbit.com','AS13335 CloudFlare, Inc.','d','2016-07-08 10:46:10','av1_data_trans'),('com.fitbit.FitbitMobile','https://104.16.66.50/1/user/-/body/log/fat/date/2016-07-08/2016-07-08.json','104.16.66.50','android-cdn-api.fitbit.com','AS13335 CloudFlare, Inc.','d','2016-07-08 10:46:10','av1_data_trans'),('com.fitbit.FitbitMobile','https://104.16.66.50/1/user/-/body/log/fat/goal.json','104.16.66.50','android-cdn-api.fitbit.com','AS13335 CloudFlare, Inc.','d','2016-07-08 10:46:10','av1_data_trans'),('com.fitbit.FitbitMobile','https://104.16.66.50/1/user/-/body/log/weight/date/2016-07-08/2016-07-08.json','104.16.66.50','android-cdn-api.fitbit.com','AS13335 CloudFlare, Inc.','d','2016-07-08 10:46:10','av1_data_trans'),('com.fitbit.FitbitMobile','https://104.16.66.50/1/user/-/body/log/weight/goal.json','104.16.66.50','android-cdn-api.fitbit.com','AS13335 CloudFlare, Inc.','d','2016-07-08 10:46:10','av1_data_trans'),('com.fitbit.FitbitMobile','https://104.16.66.50/1/user/-/body/weight/date/2016-06-24/2016-07-08.json','104.16.66.50','android-cdn-api.fitbit.com','AS13335 CloudFlare, Inc.','d','2016-07-08 10:46:10','av1_data_trans'),('com.fitbit.FitbitMobile','https://104.16.66.50/1/user/-/devices.json','104.16.66.50','android-cdn-api.fitbit.com','AS13335 CloudFlare, Inc.','d','2016-07-08 10:46:10','av1_data_trans'),('com.fitbit.FitbitMobile','https://104.16.66.50/1/user/-/devices/android/subscriptions.json','104.16.66.50','android-cdn-api.fitbit.com','AS13335 CloudFlare, Inc.','d','2016-07-08 10:46:10','av1_data_trans'),('com.fitbit.FitbitMobile','https://104.16.66.50/1/user/-/devices/tracker.json','104.16.66.50','android-cdn-api.fitbit.com','AS13335 CloudFlare, Inc.','d','2016-07-08 10:46:10','av1_data_trans'),('com.fitbit.FitbitMobile','https://104.16.66.50/1/user/-/devices/tracker/options.json','104.16.66.50','android-cdn-api.fitbit.com','AS13335 CloudFlare, Inc.','d','2016-07-08 10:46:10','av1_data_trans'),('com.fitbit.FitbitMobile','https://104.16.66.50/1/user/-/exercises/goals.json','104.16.66.50','android-cdn-api.fitbit.com','AS13335 CloudFlare, Inc.','d','2016-07-08 10:46:10','av1_data_trans'),('com.fitbit.FitbitMobile','https://104.16.66.50/1/user/-/exercises/settings.json','104.16.66.50','android-cdn-api.fitbit.com','AS13335 CloudFlare, Inc.','d','2016-07-08 10:46:10','av1_data_trans'),('com.fitbit.FitbitMobile','https://104.16.66.50/1/user/-/features.json','104.16.66.50','android-cdn-api.fitbit.com','AS13335 CloudFlare, Inc.','d','2016-07-08 10:46:10','av1_data_trans'),('com.fitbit.FitbitMobile','https://104.16.66.50/1/user/-/foods/log/goal.json','104.16.66.50','android-cdn-api.fitbit.com','AS13335 CloudFlare, Inc.','d','2016-07-08 10:46:10','av1_data_trans'),('com.fitbit.FitbitMobile','https://104.16.66.50/1/user/-/foods/log/water/date/2016-07-08.json','104.16.66.50','android-cdn-api.fitbit.com','AS13335 CloudFlare, Inc.','d','2016-07-08 10:46:10','av1_data_trans'),('com.fitbit.FitbitMobile','https://104.16.66.50/1/user/-/foods/log/water/goal.json','104.16.66.50','android-cdn-api.fitbit.com','AS13335 CloudFlare, Inc.','d','2016-07-08 10:46:10','av1_data_trans'),('com.fitbit.FitbitMobile','https://104.16.66.50/1/user/-/friends/invitations.json','104.16.66.50','android-cdn-api.fitbit.com','AS13335 CloudFlare, Inc.','d','2016-07-08 10:46:10','av1_data_trans'),('com.fitbit.FitbitMobile','https://104.16.66.50/1/user/-/notifications.json','104.16.66.50','android-cdn-api.fitbit.com','AS13335 CloudFlare, Inc.','d','2016-07-08 10:46:10','av1_data_trans'),('com.fitbit.FitbitMobile','https://104.16.66.50/1/user/-/profile.json','104.16.66.50','android-cdn-api.fitbit.com','AS13335 CloudFlare, Inc.','d','2016-07-08 10:46:10','av1_data_trans'),('com.fitbit.FitbitMobile','https://104.16.66.50/1/user/-/sleep/consistency.json','104.16.66.50','android-cdn-api.fitbit.com','AS13335 CloudFlare, Inc.','d','2016-07-08 10:46:10','av1_data_trans'),('com.fitbit.FitbitMobile','https://104.16.66.50/1/user/-/sleep/goal.json','104.16.66.50','android-cdn-api.fitbit.com','AS13335 CloudFlare, Inc.','d','2016-07-08 10:46:10','av1_data_trans'),('com.fitbit.FitbitMobile','https://151.101.16.67/v1/trk?osv=6.0.1&cdt=2016-07-08T11%3A46%3A12%2B01%3A00&mfr=LGE&ses=e6645e39-7e6f-4048-bdcb-c07bebf0c2f9&id=0&carrier=EE&cid=1147&crv=2182996&type=event&env=prod&os=android&model=','151.101.16.67','iedc.fitbit.com','AS54113 Fastly','d','2016-07-08 10:46:10','av1_data_trans'),('com.fitbit.FitbitMobile','https://151.101.16.67/v1/trk?osv=6.0.1&cdt=2016-07-08T11%3A46%3A45%2B01%3A00&mfr=LGE&ses=e6645e39-7e6f-4048-bdcb-c07bebf0c2f9&id=1&carrier=EE&cid=1147&uid=4RBFQH&crv=2182996&type=screen&env=prod&os=an','151.101.16.67','iedc.fitbit.com','AS54113 Fastly','d','2016-07-08 10:46:10','av1_data_trans'),('com.fitbit.FitbitMobile','https://159.122.19.151/engage','159.122.19.151','api.mixpanel.com','AS36351 SoftLayer Technologies Inc.','d','2016-07-08 10:46:10','av1_data_trans'),('com.fitbit.FitbitMobile','https://159.122.19.151/track?ip=1','159.122.19.151','api.mixpanel.com','AS36351 SoftLayer Technologies Inc.','d','2016-07-08 10:46:10','av1_data_trans'),('com.fitbit.FitbitMobile','https://159.122.19.185/decide?version=1&lib=android&token=82d19845b298fcc8b8713861c9cf67c0&distinct_id=','159.122.19.185','decide.mixpanel.com','AS36351 SoftLayer Technologies Inc.','d','2016-07-08 10:46:10','av1_data_trans'),('com.fitbit.FitbitMobile','https://159.122.19.185/decide?version=1&lib=android&token=82d19845b298fcc8b8713861c9cf67c0&distinct_id=55918185','159.122.19.185','decide.mixpanel.com','AS36351 SoftLayer Technologies Inc.','d','2016-07-08 10:46:10','av1_data_trans'),('com.fitbit.FitbitMobile','https://216.58.213.164/m/voice-search/fallback','216.58.213.164','','AS15169 Google Inc.','d','2016-07-08 10:46:10','av1_data_trans'),('com.fitbit.FitbitMobile','https://216.58.213.174/c2dm/register3','216.58.213.174','android.clients.google.com','AS15169 Google Inc.','d','2016-07-08 10:46:10','av1_data_trans'),('com.fitbit.FitbitMobile','https://69.171.230.5/v2.3/179177188935198?fields=supports_implicit_sdk_logging%2Cgdpv4_nux_content%2Cgdpv4_nux_enabled%2Candroid_dialog_configs%2Candroid_sdk_error_categories&format=json&sdk=android','69.171.230.5','graph.facebook.com','AS32934 Facebook, Inc.','d','2016-07-08 10:46:10','av1_data_trans'),('com.garmin.android.apps.connectmobile','https://104.66.227.54/js/gigya.js?apiKey=2_R3ZGY8Bqlwwk3_63knoD9wA_m-Y19mAgW61bF_s5k9gymYnMEAtMrJiF5MjF-U7B','104.66.227.54','cdns.gigya.com','AS20940 Akamai International B.V.','d','2016-07-08 11:21:37','av1_data_trans'),('com.garmin.android.apps.connectmobile','https://104.66.247.11/com.garmin.connect/ui/css/gauth-custom-gcm-v1.1-min.css','104.66.247.11','static.garmincdn.com','AS20940 Akamai International B.V.','d','2016-07-08 11:21:37','av1_data_trans'),('com.garmin.android.apps.connectmobile','https://104.66.247.11/com.garmin/ui/js/garmin.analytics-universal-v1.8-min.js','104.66.247.11','static.garmincdn.com','AS20940 Akamai International B.V.','d','2016-07-08 11:21:37','av1_data_trans'),('com.garmin.android.apps.connectmobile','https://104.66.247.11/com.garmin/ui/js/garmin.host.v1.0-min.js','104.66.247.11','static.garmincdn.com','AS20940 Akamai International B.V.','d','2016-07-08 11:21:37','av1_data_trans'),('com.garmin.android.apps.connectmobile','https://104.66.247.11/gcm/android_min_version.txt','104.66.247.11','static.garmincdn.com','AS20940 Akamai International B.V.','d','2016-07-08 11:21:37','av1_data_trans'),('com.garmin.android.apps.connectmobile','https://104.66.247.11/shared/global/media/images/ajax-loader.gif','104.66.247.11','static.garmincdn.com','AS20940 Akamai International B.V.','d','2016-07-08 11:21:37','av1_data_trans'),('com.garmin.android.apps.connectmobile','https://107.22.192.179/spi/v2/platforms/android/apps/com.garmin.android.apps.connectmobile/settings?icon_hash=d53af8b9cda81388e5d6b8e272f348b83ea70a8e&display_version=3.7.0.3&source=1&instance=23a4291','107.22.192.179','settings.crashlytics.com','AS14618 Amazon.com, Inc.','d','2016-07-08 11:21:37','av1_data_trans'),('com.garmin.android.apps.connectmobile','https://2.18.1.109/badge-service/badge/userBadges/JohnDoeuoe','2.18.1.109','connectapi.garmin.com','AS16625 Akamai Technologies, Inc.','d','2016-07-08 11:21:37','av1_data_trans'),('com.garmin.android.apps.connectmobile','https://2.18.1.109/device-service/devicelist/devices','2.18.1.109','connectapi.garmin.com','AS16625 Akamai Technologies, Inc.','d','2016-07-08 11:21:37','av1_data_trans'),('com.garmin.android.apps.connectmobile','https://2.18.1.109/device-service/deviceregistration/devices','2.18.1.109','connectapi.garmin.com','AS16625 Akamai Technologies, Inc.','d','2016-07-08 11:21:37','av1_data_trans'),('com.garmin.android.apps.connectmobile','https://2.18.1.109/device-service/deviceservice/device-info/active/JohnDoeuoe','2.18.1.109','connectapi.garmin.com','AS16625 Akamai Technologies, Inc.','d','2016-07-08 11:21:37','av1_data_trans'),('com.garmin.android.apps.connectmobile','https://2.18.1.109/device-service/deviceservice/userlastused/JohnDoeuoe','2.18.1.109','connectapi.garmin.com','AS16625 Akamai Technologies, Inc.','d','2016-07-08 11:21:37','av1_data_trans'),('com.garmin.android.apps.connectmobile','https://2.18.1.109/favicon.ico','2.18.1.109','sso.garmin.com','AS16625 Akamai Technologies, Inc.','d','2016-07-08 11:21:37','av1_data_trans'),('com.garmin.android.apps.connectmobile','https://2.18.1.109/gcs-insights/api/feature','2.18.1.109','connectapi.garmin.com','AS16625 Akamai Technologies, Inc.','d','2016-07-08 11:21:37','av1_data_trans'),('com.garmin.android.apps.connectmobile','https://2.18.1.109/mobile-gateway/snapshot/forDate/2016-07-08','2.18.1.109','connectapi.garmin.com','AS16625 Akamai Technologies, Inc.','d','2016-07-08 11:21:37','av1_data_trans'),('com.garmin.android.apps.connectmobile','https://2.18.1.109/mobile-gateway/snapshot/timeline/forDate/2016-07-08','2.18.1.109','connectapi.garmin.com','AS16625 Akamai Technologies, Inc.','d','2016-07-08 11:21:37','av1_data_trans'),('com.garmin.android.apps.connectmobile','https://2.18.1.109/mobile-gateway/snapshot/usageIndicators','2.18.1.109','connectapi.garmin.com','AS16625 Akamai Technologies, Inc.','d','2016-07-08 11:21:37','av1_data_trans'),('com.garmin.android.apps.connectmobile','https://2.18.1.109/oauth-service/oauth/preauthorized?ticket=ST-02691958-xOPRR0y13rHINNTMgXzz-cas&login-url=https://sso.garmin.com/sso/embed','2.18.1.109','connectapi.garmin.com','AS16625 Akamai Technologies, Inc.','d','2016-07-08 11:21:37','av1_data_trans'),('com.garmin.android.apps.connectmobile','https://2.18.1.109/OBN/OBNServlet','2.18.1.109','gold.garmin.com','AS16625 Akamai Technologies, Inc.','d','2016-07-08 11:21:37','av1_data_trans'),('com.garmin.android.apps.connectmobile','https://2.18.1.109/pushnotification-service/pushnotification/register','2.18.1.109','connectapi.garmin.com','AS16625 Akamai Technologies, Inc.','d','2016-07-08 11:21:37','av1_data_trans'),('com.garmin.android.apps.connectmobile','https://2.18.1.109/sso/css/gauth-widget.css?20120530','2.18.1.109','sso.garmin.com','AS16625 Akamai Technologies, Inc.','d','2016-07-08 11:21:37','av1_data_trans'),('com.garmin.android.apps.connectmobile','https://2.18.1.109/sso/css/GAuth.css?20151102','2.18.1.109','sso.garmin.com','AS16625 Akamai Technologies, Inc.','d','2016-07-08 11:21:37','av1_data_trans'),('com.garmin.android.apps.connectmobile','https://2.18.1.109/sso/embed?clientId=GarminConnectMobileAndroid&locale=en&reauth=true&embedWidget=false&createAccountShown=false&displayNameShown=true&cssUrl=https://static.garmincdn.com/com.garmin.c','2.18.1.109','sso.garmin.com','AS16625 Akamai Technologies, Inc.','d','2016-07-08 11:21:37','av1_data_trans'),('com.garmin.android.apps.connectmobile','https://2.18.1.109/sso/embed?ticket=ST-02691958-xOPRR0y13rHINNTMgXzz-cas','2.18.1.109','sso.garmin.com','AS16625 Akamai Technologies, Inc.','d','2016-07-08 11:21:37','av1_data_trans'),('com.garmin.android.apps.connectmobile','https://2.18.1.109/sso/images/btn-facebook-sm.png','2.18.1.109','sso.garmin.com','AS16625 Akamai Technologies, Inc.','d','2016-07-08 11:21:37','av1_data_trans'),('com.garmin.android.apps.connectmobile','https://2.18.1.109/sso/images/btn-google-sm.png','2.18.1.109','sso.garmin.com','AS16625 Akamai Technologies, Inc.','d','2016-07-08 11:21:37','av1_data_trans'),('com.garmin.android.apps.connectmobile','https://2.18.1.109/sso/images/btn-kaixin-sm.png','2.18.1.109','sso.garmin.com','AS16625 Akamai Technologies, Inc.','d','2016-07-08 11:21:37','av1_data_trans'),('com.garmin.android.apps.connectmobile','https://2.18.1.109/sso/images/btn-linkedin-sm.png','2.18.1.109','sso.garmin.com','AS16625 Akamai Technologies, Inc.','d','2016-07-08 11:21:37','av1_data_trans'),('com.garmin.android.apps.connectmobile','https://2.18.1.109/sso/images/btn-qq-sm.png','2.18.1.109','sso.garmin.com','AS16625 Akamai Technologies, Inc.','d','2016-07-08 11:21:37','av1_data_trans'),('com.garmin.android.apps.connectmobile','https://2.18.1.109/sso/images/btn-renren-sm.png','2.18.1.109','sso.garmin.com','AS16625 Akamai Technologies, Inc.','d','2016-07-08 11:21:37','av1_data_trans'),('com.garmin.android.apps.connectmobile','https://2.18.1.109/sso/images/btn-sina-sm.png','2.18.1.109','sso.garmin.com','AS16625 Akamai Technologies, Inc.','d','2016-07-08 11:21:37','av1_data_trans'),('com.garmin.android.apps.connectmobile','https://2.18.1.109/sso/images/btn-twitter-sm.png','2.18.1.109','sso.garmin.com','AS16625 Akamai Technologies, Inc.','d','2016-07-08 11:21:37','av1_data_trans'),('com.garmin.android.apps.connectmobile','https://2.18.1.109/sso/images/btn-wechat-sm.png','2.18.1.109','sso.garmin.com','AS16625 Akamai Technologies, Inc.','d','2016-07-08 11:21:37','av1_data_trans'),('com.garmin.android.apps.connectmobile','https://2.18.1.109/sso/images/btn-windows-sm.png','2.18.1.109','sso.garmin.com','AS16625 Akamai Technologies, Inc.','d','2016-07-08 11:21:37','av1_data_trans'),('com.garmin.android.apps.connectmobile','https://2.18.1.109/sso/images/btn-yahoo-sm.png','2.18.1.109','sso.garmin.com','AS16625 Akamai Technologies, Inc.','d','2016-07-08 11:21:37','av1_data_trans'),('com.garmin.android.apps.connectmobile','https://2.18.1.109/sso/images/icon-SSI-lg.png','2.18.1.109','sso.garmin.com','AS16625 Akamai Technologies, Inc.','d','2016-07-08 11:21:37','av1_data_trans'),('com.garmin.android.apps.connectmobile','https://2.18.1.109/sso/js/casLoginView.js?20130313','2.18.1.109','sso.garmin.com','AS16625 Akamai Technologies, Inc.','d','2016-07-08 11:21:37','av1_data_trans'),('com.garmin.android.apps.connectmobile','https://2.18.1.109/sso/js/consoleUtils.js?20120711','2.18.1.109','sso.garmin.com','AS16625 Akamai Technologies, Inc.','d','2016-07-08 11:21:37','av1_data_trans'),('com.garmin.android.apps.connectmobile','https://2.18.1.109/sso/js/gauth-widget.js?20151102','2.18.1.109','sso.garmin.com','AS16625 Akamai Technologies, Inc.','d','2016-07-08 11:21:37','av1_data_trans'),('com.garmin.android.apps.connectmobile','https://2.18.1.109/sso/js/gigyaUtils.js?20130213','2.18.1.109','sso.garmin.com','AS16625 Akamai Technologies, Inc.','d','2016-07-08 11:21:37','av1_data_trans'),('com.garmin.android.apps.connectmobile','https://2.18.1.109/sso/js/jquery.validate.js','2.18.1.109','sso.garmin.com','AS16625 Akamai Technologies, Inc.','d','2016-07-08 11:21:37','av1_data_trans'),('com.garmin.android.apps.connectmobile','https://2.18.1.109/sso/js/jquery/1.4.2/jquery.min.js','2.18.1.109','sso.garmin.com','AS16625 Akamai Technologies, Inc.','d','2016-07-08 11:21:37','av1_data_trans'),('com.garmin.android.apps.connectmobile','https://2.18.1.109/sso/js/jquery/1.6.4/jquery.min.js','2.18.1.109','sso.garmin.com','AS16625 Akamai Technologies, Inc.','d','2016-07-08 11:21:37','av1_data_trans'),('com.garmin.android.apps.connectmobile','https://2.18.1.109/sso/js/json2.js','2.18.1.109','sso.garmin.com','AS16625 Akamai Technologies, Inc.','d','2016-07-08 11:21:37','av1_data_trans'),('com.garmin.android.apps.connectmobile','https://2.18.1.109/sso/js/jsUtils.js?20121003','2.18.1.109','sso.garmin.com','AS16625 Akamai Technologies, Inc.','d','2016-07-08 11:21:37','av1_data_trans'),('com.garmin.android.apps.connectmobile','https://2.18.1.109/sso/js/popupWindow.js','2.18.1.109','sso.garmin.com','AS16625 Akamai Technologies, Inc.','d','2016-07-08 11:21:37','av1_data_trans'),('com.garmin.android.apps.connectmobile','https://2.18.1.109/sso/js/postmessage.js?20120711','2.18.1.109','sso.garmin.com','AS16625 Akamai Technologies, Inc.','d','2016-07-08 11:21:37','av1_data_trans'),('com.garmin.android.apps.connectmobile','https://2.18.1.109/sso/login?service=https%3A%2F%2Fsso.garmin.com%2Fsso%2Fembed&source=https%3A%2F%2Fsso.garmin.com%2Fsso%2Fembed&redirectAfterAccountLoginUrl=https%3A%2F%2Fsso.garmin.com%2Fsso%2Fembe','2.18.1.109','sso.garmin.com','AS16625 Akamai Technologies, Inc.','d','2016-07-08 11:21:37','av1_data_trans'),('com.garmin.android.apps.connectmobile','https://2.18.1.109/user-service-1.0/json/locale','2.18.1.109','connectapi.garmin.com','AS16625 Akamai Technologies, Inc.','d','2016-07-08 11:21:37','av1_data_trans'),('com.garmin.android.apps.connectmobile','https://2.18.1.109/userprofile-service/socialProfile','2.18.1.109','connectapi.garmin.com','AS16625 Akamai Technologies, Inc.','d','2016-07-08 11:21:37','av1_data_trans'),('com.garmin.android.apps.connectmobile','https://2.18.1.109/userprofile-service/userprofile/mobile/last-login-date','2.18.1.109','connectapi.garmin.com','AS16625 Akamai Technologies, Inc.','d','2016-07-08 11:21:37','av1_data_trans'),('com.garmin.android.apps.connectmobile','https://2.18.1.109/userprofile-service/userprofile/personal-information/weightWithOutboundAverageDaily?from=1465340400000&until=1468018799000','2.18.1.109','connectapi.garmin.com','AS16625 Akamai Technologies, Inc.','d','2016-07-08 11:21:37','av1_data_trans'),('com.garmin.android.apps.connectmobile','https://2.18.1.109/userprofile-service/userprofile/settings','2.18.1.109','connectapi.garmin.com','AS16625 Akamai Technologies, Inc.','d','2016-07-08 11:21:37','av1_data_trans'),('com.garmin.android.apps.connectmobile','https://2.18.1.109/userprofile-service/userprofile/user-settings','2.18.1.109','connectapi.garmin.com','AS16625 Akamai Technologies, Inc.','d','2016-07-08 11:21:37','av1_data_trans'),('com.garmin.android.apps.connectmobile','https://2.18.1.109/userstats-service/wellness/daily/JohnDoeuoe?fromDate=2016-06-09&untilDate=2016-07-08&metricId=29&metricId=38&metricId=28&metricId=39','2.18.1.109','connectapi.garmin.com','AS16625 Akamai Technologies, Inc.','d','2016-07-08 11:21:37','av1_data_trans'),('com.garmin.android.apps.connectmobile','https://2.18.1.109/wellness-service/wellness/wellness-goals/JohnDoeuoe?userGoalType=4','2.18.1.109','connectapi.garmin.com','AS16625 Akamai Technologies, Inc.','d','2016-07-08 11:21:37','av1_data_trans'),('com.garmin.android.apps.connectmobile','https://208.118.62.70/launch/garmin.jsp','208.118.62.70','www.upsellit.com','AS7296 Alchemy Communications, Inc.','d','2016-07-08 11:21:37','av1_data_trans'),('com.garmin.android.apps.connectmobile','https://216.58.198.106/play/log','216.58.198.106','play.googleapis.com','AS15169 Google Inc.','d','2016-07-08 11:21:37','av1_data_trans'),('com.garmin.android.apps.connectmobile','https://216.58.210.42/play/log','216.58.210.42','play.googleapis.com','AS15169 Google Inc.','d','2016-07-08 11:21:37','av1_data_trans'),('com.garmin.android.apps.connectmobile','https://216.58.213.100/m/voice-search/fallback','216.58.213.100','','AS15169 Google Inc.','d','2016-07-08 11:21:37','av1_data_trans'),('com.garmin.android.apps.connectmobile','https://216.58.213.174/analytics.js','216.58.213.174','www.google-analytics.com','AS15169 Google Inc.','d','2016-07-08 11:21:37','av1_data_trans'),('com.garmin.android.apps.connectmobile','https://216.58.213.174/c2dm/register3','216.58.213.174','android.clients.google.com','AS15169 Google Inc.','d','2016-07-08 11:21:37','av1_data_trans'),('com.garmin.android.apps.connectmobile','https://54.225.168.139/spi/v2/events','54.225.168.139','e.crashlytics.com','AS14618 Amazon.com, Inc.','d','2016-07-08 11:21:37','av1_data_trans'),('com.garmin.android.apps.connectmobile','https://68.232.35.180/utag/garmin/main/prod/utag.98.js?utv=ut4.002.201607071908','68.232.35.180','tags.tiqcdn.com','AS15133 EdgeCast Networks, Inc.','d','2016-07-08 11:21:37','av1_data_trans'),('com.garmin.android.apps.connectmobile','https://68.232.35.180/utag/garmin/main/prod/utag.js','68.232.35.180','tags.tiqcdn.com','AS15133 EdgeCast Networks, Inc.','d','2016-07-08 11:21:37','av1_data_trans'),('com.garmin.android.apps.connectmobile','https://68.232.35.180/utag/tiqapp/utag.currency.js?utv=ut4.002.201607071908','68.232.35.180','tags.tiqcdn.com','AS15133 EdgeCast Networks, Inc.','d','2016-07-08 11:21:37','av1_data_trans'),('com.garmin.android.apps.connectmobile','https://69.171.230.5/v2.4/451271801583582?fields=supports_implicit_sdk_logging%2Cgdpv4_nux_content%2Cgdpv4_nux_enabled%2Candroid_dialog_configs%2Candroid_sdk_error_categories&format=json&sdk=android','69.171.230.5','graph.facebook.com','AS32934 Facebook, Inc.','d','2016-07-08 11:21:37','av1_data_trans'),('com.garmin.android.apps.connectmobile','https://74.120.148.203/gscounters.sendReport?reports=%5B%7B%22name%22%3A%22loadc%22%2C%22time%22%3A%221467976932854%22%2C%22reportData%22%3A%7B%22sref%22%3A%22https%3A%2F%2Fsso.garmin.com%2Fsso%2Fembe','74.120.148.203','gscounters.us1.gigya.com','AS12084 Gigya, Inc.','d','2016-07-08 11:21:37','av1_data_trans'),('com.hapiconnect','http://174.142.38.101/healthcenter-personal/personal/account_service/change_account_profile?signature=4b0e251aaef43b7811bce34b55ddf6bf42dfbb89&timestamp=1468859319702&nonce=22256&sessionId=29b9f7c0f0b','174.142.38.101','hapi.lhealthcenter.com','AS32613 iWeb Technologies Inc.','d','2016-07-18 16:25:59','av3_mobile_app'),('com.hapiconnect','http://174.142.38.101/healthcenter-personal/personal/account_service/change_account_profile?signature=4d30c1eb487e831692024d4072e2bfa29e38b99a&timestamp=1468859261289&nonce=70024&sessionId=29b9f7c0f0b','174.142.38.101','hapi.lhealthcenter.com','AS32613 iWeb Technologies Inc.','d','2016-07-18 16:25:59','av3_mobile_app'),('com.hapiconnect','http://174.142.38.101/healthcenter-personal/personal/account_service/change_account_profile?signature=be8758a5dd0751a2ab7517386b548026f2c3956b&timestamp=1468859260839&nonce=25917&sessionId=29b9f7c0f0b','174.142.38.101','hapi.lhealthcenter.com','AS32613 iWeb Technologies Inc.','d','2016-07-18 16:25:59','av3_mobile_app'),('com.hapiconnect','http://174.142.38.101/healthcenter-personal/personal/account_service/change_account_profile?signature=fb63907ef0b790479e7e357a551f21bba5aa09a3&timestamp=1468859319226&nonce=80791&sessionId=29b9f7c0f0b','174.142.38.101','hapi.lhealthcenter.com','AS32613 iWeb Technologies Inc.','d','2016-07-18 16:25:59','av3_mobile_app'),('com.hapiconnect','http://174.142.38.101/healthcenter-personal/personal/account_service/create_new_account','174.142.38.101','hapi.lhealthcenter.com','AS32613 iWeb Technologies Inc.','d','2016-07-18 16:25:59','av3_mobile_app'),('com.hapiconnect','http://174.142.38.101/healthcenter-personal/personal/account_service/is_loginname_available','174.142.38.101','hapi.lhealthcenter.com','AS32613 iWeb Technologies Inc.','d','2016-07-08 15:57:45','av1_data_trans'),('com.hapiconnect','http://174.142.38.101/healthcenter-personal/personal/account_service/is_loginname_available','174.142.38.101','hapi.lhealthcenter.com','AS32613 iWeb Technologies Inc.','d','2016-07-18 16:25:59','av3_mobile_app'),('com.hapiconnect','http://174.142.38.101/healthcenter-personal/personal/account_service/login?signature=7da20e902d4feaa8a46be040b1dfb76436d6659a&timestamp=1467993564869&nonce=75837&','174.142.38.101','hapi.lhealthcenter.com','AS32613 iWeb Technologies Inc.','d','2016-07-08 15:57:45','av1_data_trans'),('com.hapiconnect','http://174.142.38.101/healthcenter-personal/personal/common_service/get_latest_version','174.142.38.101','hapi.lhealthcenter.com','AS32613 iWeb Technologies Inc.','d','2016-07-18 16:25:59','av3_mobile_app'),('com.hapiconnect','http://174.142.38.101/healthcenter-personal/personal/member_service/save?signature=012a04bef2b9be7ac73490b8f706a65673ec27bf&timestamp=1468859303910&nonce=82705&sessionId=29b9f7c0f0b74a348f0963aa7491be','174.142.38.101','hapi.lhealthcenter.com','AS32613 iWeb Technologies Inc.','d','2016-07-18 16:25:59','av3_mobile_app'),('com.hapiconnect','http://174.142.38.101/healthcenter-personal/personal/member_service/save?signature=30f38ba34c2e0c5cf0811b82dc0eb9bfa7f35000&timestamp=1468859398160&nonce=21736&sessionId=29b9f7c0f0b74a348f0963aa7491be','174.142.38.101','hapi.lhealthcenter.com','AS32613 iWeb Technologies Inc.','d','2016-07-18 16:25:59','av3_mobile_app'),('com.hapiconnect','http://174.142.38.101/healthcenter-personal/personal/member_service/save?signature=9a8a2b0a9e8f04af2d61764723f0b04774753cb5&timestamp=1468859322567&nonce=55942&sessionId=29b9f7c0f0b74a348f0963aa7491be','174.142.38.101','hapi.lhealthcenter.com','AS32613 iWeb Technologies Inc.','d','2016-07-18 16:25:59','av3_mobile_app'),('com.hapiconnect','http://174.142.38.101/healthcenter-personal/personal/sync_record_service/download?signature=c8dd91f6b5abae2285aa2b60f3382b6d7fd1caac&timestamp=1467993565268&nonce=17076&sessionId=b20762a2caab4f88ac234','174.142.38.101','hapi.lhealthcenter.com','AS32613 iWeb Technologies Inc.','d','2016-07-08 15:57:45','av1_data_trans'),('com.hapiconnect','http://174.142.38.101/userfiles/hapiconnect/hapiconnect/2016/06/03/e12a2297e3ba4a58a6f5dd6c8d8bf00e/json/1467994987531-58fd8fac734249568762f8857608eb4b.zip','174.142.38.101','hapi.lhealthcenter.com','AS32613 iWeb Technologies Inc.','d','2016-07-08 15:57:45','av1_data_trans'),('com.hapiconnect','http://174.142.38.101/websocket-message/connect?sessionId=29b9f7c0f0b74a348f0963aa7491be1f&appserver=http://hapi.lhealthcenter.com/healthcenter-personal','174.142.38.101','hapi.lhealthcenter.com','AS32613 iWeb Technologies Inc.','d','2016-07-18 16:25:59','av3_mobile_app'),('com.hapiconnect','http://174.142.38.101/websocket-message/connect?sessionId=b20762a2caab4f88ac23427a010ba013&appserver=http://hapi.lhealthcenter.com/healthcenter-personal','174.142.38.101','hapi.lhealthcenter.com','AS32613 iWeb Technologies Inc.','d','2016-07-08 15:57:45','av1_data_trans'),('com.hapiconnect','https://107.21.94.168/spi/v2/events','107.21.94.168','e.crashlytics.com','AS14618 Amazon.com, Inc.','d','2016-07-18 16:25:59','av3_mobile_app'),('com.hapiconnect','https://184.73.242.146/spi/v2/platforms/android/apps/com.hapiconnect/settings?icon_hash=b68d88b385782926b962c83bfe33eb5a3ad1d262&display_version=1.2.8_US_server&source=1&instance=9441840b375cdad7632f8','184.73.242.146','settings.crashlytics.com','AS14618 Amazon.com, Inc.','d','2016-07-08 15:57:45','av1_data_trans'),('com.hapiconnect','https://216.58.198.170/androidantiabuse/v1/x/create?alt=PROTO&key=AIzaSyBofcZsgLSS7BOnBjZPEkk4rYwzOIz-lTI','216.58.198.170','www.googleapis.com','AS15169 Google Inc.','d','2016-07-18 16:25:59','av3_mobile_app'),('com.hapiconnect','https://216.58.208.164/m/voice-search/fallback','216.58.208.164',NULL,'AS15169 Google Inc.','d','2016-07-18 16:25:59','av3_mobile_app'),('com.hapiconnect','https://216.58.208.173/EmbeddedSetup?source=android&xoauth_display_name=Android%20Phone&tmpl=new_account&ph=%2B447960009012&imsi=234304124690223&canSk=1&lang=en&langCountry=en_gb&hl=en-GB&cc=gb','216.58.208.173','accounts.google.com','AS15169 Google Inc.','d','2016-07-18 16:25:59','av3_mobile_app'),('com.hapiconnect','https://216.58.208.173/_/common/diagnostics/?diagnostics=%5B%5B%5B%22gaia_fe_minutemaid%3Ass%22%2Cnull%2Cnull%2Cnull%2C1468859338160%5D%2C%5B%22gaia_fe_minutemaid%3Ass%22%2Cnull%2Cnull%2Cnull%2C146885','216.58.208.173','accounts.google.com','AS15169 Google Inc.','d','2016-07-18 16:25:59','av3_mobile_app'),('com.hapiconnect','https://216.58.208.173/_/common/diagnostics/?diagnostics=%5B%5B%5B%22gaia_fe_minutemaid%3Ass%22%2Cnull%2Cnull%2Cnull%2C1468859351353%5D%2C%5B%22gaia_fe_minutemaid%3Ass%22%2Cnull%2Cnull%2Cnull%2C146885','216.58.208.173','accounts.google.com','AS15169 Google Inc.','d','2016-07-18 16:25:59','av3_mobile_app'),('com.hapiconnect','https://216.58.208.174/checkin','216.58.208.174','android.clients.google.com','AS15169 Google Inc.','d','2016-07-18 16:25:59','av3_mobile_app'),('com.hapiconnect','https://216.58.208.174/glm/mmap','216.58.208.174','clients4.google.com','AS15169 Google Inc.','d','2016-07-18 16:25:59','av3_mobile_app'),('com.hapiconnect','https://50.17.233.203/spi/v2/platforms/android/apps/com.hapiconnect/settings?icon_hash=b68d88b385782926b962c83bfe33eb5a3ad1d262&display_version=1.2.8_US_server&source=1&instance=9441840b375cdad7632f80','50.17.233.203','settings.crashlytics.com','AS14618 Amazon.com, Inc.','d','2016-07-18 16:25:59','av3_mobile_app'),('com.hapiconnect','https://54.243.55.41/spi/v2/events','54.243.55.41','e.crashlytics.com','AS14618 Amazon.com, Inc.','d','2016-07-08 15:57:45','av1_data_trans'),('com.jawbone.upopen','https://107.20.218.81/spi/v2/events','107.20.218.81','e.crashlytics.com','AS14618 Amazon.com, Inc.','d','2016-07-08 10:39:29','av1_data_trans'),('com.jawbone.upopen','https://216.58.213.110/c2dm/register3','216.58.213.110','android.clients.google.com','AS15169 Google Inc.','d','2016-07-08 10:39:29','av1_data_trans'),('com.jawbone.upopen','https://216.58.213.164/m/voice-search/fallback','216.58.213.164','','AS15169 Google Inc.','d','2016-07-08 10:39:29','av1_data_trans'),('com.jawbone.upopen','https://23.21.225.144/spi/v2/platforms/android/apps/com.jawbone.upopen/settings?icon_hash=0e81f558f8bcc14bf961991f16c42e4813472a18&display_version=4.19.0&source=1&instance=ff8cab5931225127e5d068f648f9','23.21.225.144','settings.crashlytics.com','AS14618 Amazon.com, Inc.','d','2016-07-08 10:39:29','av1_data_trans'),('com.jawbone.upopen','https://52.85.67.120/mod/user_160x160/','52.85.67.120','dyzup8v06s4q5.cloudfront.net','AS16509 Amazon.com, Inc.','d','2016-07-08 10:39:29','av1_data_trans'),('com.jawbone.upopen','https://54.173.59.133/conversation','54.173.59.133','api.apptentive.com','AS14618 Amazon.com, Inc.','d','2016-07-08 10:39:29','av1_data_trans'),('com.jawbone.upopen','https://54.173.59.133/conversation/configuration','54.173.59.133','api.apptentive.com','AS14618 Amazon.com, Inc.','d','2016-07-08 10:39:29','av1_data_trans'),('com.jawbone.upopen','https://54.173.59.133/devices','54.173.59.133','api.apptentive.com','AS14618 Amazon.com, Inc.','d','2016-07-08 10:39:29','av1_data_trans'),('com.jawbone.upopen','https://54.173.59.133/events','54.173.59.133','api.apptentive.com','AS14618 Amazon.com, Inc.','d','2016-07-08 10:39:29','av1_data_trans'),('com.jawbone.upopen','https://54.173.59.133/interactions','54.173.59.133','api.apptentive.com','AS14618 Amazon.com, Inc.','d','2016-07-08 10:39:29','av1_data_trans'),('com.jawbone.upopen','https://54.221.247.161//nudge/api/v.1.56/users/RGaCBFg9CsCVMx7StXtlxg/feed?page_token=1467135787&limit=20','54.221.247.161','api-android.jawbone.com','AS14618 Amazon.com, Inc.','d','2016-07-08 10:39:29','av1_data_trans'),('com.jawbone.upopen','https://54.221.247.161/nudge/api/v.1.56/configuration','54.221.247.161','api-android.jawbone.com','AS14618 Amazon.com, Inc.','d','2016-07-08 10:39:29','av1_data_trans'),('com.jawbone.upopen','https://54.221.247.161/nudge/api/v.1.56/duel/match_invites?status=invited','54.221.247.161','api-android.jawbone.com','AS14618 Amazon.com, Inc.','d','2016-07-08 10:39:29','av1_data_trans'),('com.jawbone.upopen','https://54.221.247.161/nudge/api/v.1.56/events','54.221.247.161','api-android.jawbone.com','AS14618 Amazon.com, Inc.','d','2016-07-08 10:39:29','av1_data_trans'),('com.jawbone.upopen','https://54.221.247.161/nudge/api/v.1.56/users/@me/aliases','54.221.247.161','api-android.jawbone.com','AS14618 Amazon.com, Inc.','d','2016-07-08 10:39:29','av1_data_trans'),('com.jawbone.upopen','https://54.221.247.161/nudge/api/v.1.56/users/@me/events?types=1,2,3,4,13&start_date=20160708&limit=100&list_deleted=true','54.221.247.161','api-android.jawbone.com','AS14618 Amazon.com, Inc.','d','2016-07-08 10:39:29','av1_data_trans'),('com.jawbone.upopen','https://54.221.247.161/nudge/api/v.1.56/users/@me/feed?limit=20','54.221.247.161','api-android.jawbone.com','AS14618 Amazon.com, Inc.','d','2016-07-08 10:39:29','av1_data_trans'),('com.jawbone.upopen','https://54.221.247.161/nudge/api/v.1.56/users/@me/notifications?limit=10','54.221.247.161','api-android.jawbone.com','AS14618 Amazon.com, Inc.','d','2016-07-08 10:39:29','av1_data_trans'),('com.jawbone.upopen','https://54.221.247.161/nudge/api/v.1.56/users/@me/score?date=20160708','54.221.247.161','api-android.jawbone.com','AS14618 Amazon.com, Inc.','d','2016-07-08 10:39:29','av1_data_trans'),('com.jawbone.upopen','https://54.221.247.161/nudge/api/v.1.56/users/@me/settings','54.221.247.161','api-android.jawbone.com','AS14618 Amazon.com, Inc.','d','2016-07-08 10:39:29','av1_data_trans'),('com.jawbone.upopen','https://54.221.247.161/nudge/api/v.1.56/users/@me/social?date=20160708&limit=20','54.221.247.161','api-android.jawbone.com','AS14618 Amazon.com, Inc.','d','2016-07-08 10:39:29','av1_data_trans'),('com.jawbone.upopen','https://54.221.247.161/nudge/api/v.1.56/users/@me/timezone','54.221.247.161','api-android.jawbone.com','AS14618 Amazon.com, Inc.','d','2016-07-08 10:39:29','av1_data_trans'),('com.jawbone.upopen','https://54.221.247.161/nudge/api/v.1.56/users/login','54.221.247.161','api-android.jawbone.com','AS14618 Amazon.com, Inc.','d','2016-07-08 10:39:29','av1_data_trans'),('com.jawbone.upopen','https://54.221.247.161/nudge/api/v.1.56/users/RGaCBFg9CsCVMx7StXtlxg/body_events?limit=50','54.221.247.161','api-android.jawbone.com','AS14618 Amazon.com, Inc.','d','2016-07-08 10:39:29','av1_data_trans'),('com.jawbone.upopen','https://54.221.247.161/nudge/api/v.1.56/users/RGaCBFg9CsCVMx7StXtlxg/friends','54.221.247.161','api-android.jawbone.com','AS14618 Amazon.com, Inc.','d','2016-07-08 10:39:29','av1_data_trans'),('com.jawbone.upopen','https://54.221.247.161/nudge/api/v.1.56/users/RGaCBFg9CsCVMx7StXtlxg/friends?include_requests=true','54.221.247.161','api-android.jawbone.com','AS14618 Amazon.com, Inc.','d','2016-07-08 10:39:29','av1_data_trans'),('com.jawbone.upopen','https://54.221.247.161/nudge/api/v.1.56/users/RGaCBFg9CsCVMx7StXtlxg/profile','54.221.247.161','api-android.jawbone.com','AS14618 Amazon.com, Inc.','d','2016-07-08 10:39:29','av1_data_trans'),('com.jawbone.upopen','https://54.243.102.194/spi/v1/platforms/android/apps/com.jawbone.upopen/reports','54.243.102.194','reports.crashlytics.com','AS14618 Amazon.com, Inc.','d','2016-07-08 10:39:29','av1_data_trans'),('com.ks.wristband','http://121.199.1.174/api/apps/version?app_id=1','121.199.1.174','www.dongha.cn','AS37963 Hangzhou Alibaba Advertising Co.,Ltd.','d','2016-07-08 16:23:45','av1_data_trans'),('com.ks.wristband','http://121.199.1.174/api/firmwares/version?device_id=102','121.199.1.174','www.dongha.cn','AS37963 Hangzhou Alibaba Advertising Co.,Ltd.','d','2016-07-08 16:23:45','av1_data_trans'),('com.ks.wristband','https://69.171.230.5/v2.5/1537258739822978?fields=supports_implicit_sdk_logging%2Cgdpv4_nux_content%2Cgdpv4_nux_enabled%2Candroid_dialog_configs%2Candroid_sdk_error_categories&format=json&sdk=android','69.171.230.5','graph.facebook.com','AS32934 Facebook, Inc.','d','2016-07-08 16:23:45','av1_data_trans'),('com.medm.medmwt.diary','https://104.208.31.165/api/v3/doctor/patients/43d292ad-585f-40ec-adae-f3a58501e105/goals/steps_gains?sort_by=updated_at&count=20&order=desc&client_api_version=1.0.0&auth_token=633ec06b-b2b2-4de6-8937-','104.208.31.165','health.medm.com','AS8075 Microsoft Corporation','d','2016-07-18 14:01:37','av5_sensor_device'),('com.medm.medmwt.diary','https://104.208.31.165/api/v3/doctor/patients/43d292ad-585f-40ec-adae-f3a58501e105/goals/steps_gains?sort_by=updated_at&count=20&order=desc&client_api_version=1.0.0&auth_token=7333e0c6-cc9f-4173-9c15-','104.208.31.165','health.medm.com','AS8075 Microsoft Corporation','d','2016-07-18 13:29:47','av3_mobile_app'),('com.medm.medmwt.diary','https://104.208.31.165/api/v3/doctor/patients/43d292ad-585f-40ec-adae-f3a58501e105/measurements/weights?client_api_version=1.0.0&auth_token=633ec06b-b2b2-4de6-8937-e3d695df3d12&r=1468850702303','104.208.31.165','health.medm.com','AS8075 Microsoft Corporation','d','2016-07-18 14:01:37','av5_sensor_device'),('com.medm.medmwt.diary','https://104.208.31.165/api/v3/doctor/patients/43d292ad-585f-40ec-adae-f3a58501e105/measurements/weights?client_api_version=1.0.0&auth_token=7333e0c6-cc9f-4173-9c15-29edef164e36&r=1468848831765','104.208.31.165','health.medm.com','AS8075 Microsoft Corporation','d','2016-07-18 13:29:47','av3_mobile_app'),('com.medm.medmwt.diary','https://104.208.31.165/api/v3/doctor/patients/43d292ad-585f-40ec-adae-f3a58501e105/measurements/weights?sort_by=updated_at&count=20&from=2016-07-18T14:00:17.942041Z&strict_from=true&order=asc&client_a','104.208.31.165','health.medm.com','AS8075 Microsoft Corporation','d','2016-07-18 14:01:37','av5_sensor_device'),('com.medm.medmwt.diary','https://104.208.31.165/api/v3/doctor/patients/43d292ad-585f-40ec-adae-f3a58501e105/measurements/weights?sort_by=updated_at&count=20&order=desc&client_api_version=1.0.0&auth_token=633ec06b-b2b2-4de6-89','104.208.31.165','health.medm.com','AS8075 Microsoft Corporation','d','2016-07-18 14:01:37','av5_sensor_device'),('com.medm.medmwt.diary','https://104.208.31.165/api/v3/doctor/patients/43d292ad-585f-40ec-adae-f3a58501e105/measurements/weights?sort_by=updated_at&count=20&order=desc&client_api_version=1.0.0&auth_token=7333e0c6-cc9f-4173-9c','104.208.31.165','health.medm.com','AS8075 Microsoft Corporation','d','2016-07-18 13:29:47','av3_mobile_app'),('com.medm.medmwt.diary','https://104.208.31.165/api/v3/doctor/patients/43d292ad-585f-40ec-adae-f3a58501e105/stats/sync?client_api_version=1.0.0&auth_token=633ec06b-b2b2-4de6-8937-e3d695df3d12&r=1468850555862','104.208.31.165','health.medm.com','AS8075 Microsoft Corporation','d','2016-07-18 14:01:37','av5_sensor_device'),('com.medm.medmwt.diary','https://104.208.31.165/api/v3/doctor/patients/43d292ad-585f-40ec-adae-f3a58501e105/stats/sync?client_api_version=1.0.0&auth_token=633ec06b-b2b2-4de6-8937-e3d695df3d12&r=1468850564542','104.208.31.165','health.medm.com','AS8075 Microsoft Corporation','d','2016-07-18 14:01:37','av5_sensor_device'),('com.medm.medmwt.diary','https://104.208.31.165/api/v3/doctor/patients/43d292ad-585f-40ec-adae-f3a58501e105/stats/sync?client_api_version=1.0.0&auth_token=633ec06b-b2b2-4de6-8937-e3d695df3d12&r=1468850732126','104.208.31.165','health.medm.com','AS8075 Microsoft Corporation','d','2016-07-18 14:01:37','av5_sensor_device'),('com.medm.medmwt.diary','https://104.208.31.165/api/v3/doctor/patients/43d292ad-585f-40ec-adae-f3a58501e105/stats/sync?client_api_version=1.0.0&auth_token=7333e0c6-cc9f-4173-9c15-29edef164e36&r=1468848625127','104.208.31.165','health.medm.com','AS8075 Microsoft Corporation','d','2016-07-18 13:29:47','av3_mobile_app'),('com.medm.medmwt.diary','https://104.208.31.165/api/v3/doctor/patients/43d292ad-585f-40ec-adae-f3a58501e105/stats/sync?client_api_version=1.0.0&auth_token=7333e0c6-cc9f-4173-9c15-29edef164e36&r=1468848768736','104.208.31.165','health.medm.com','AS8075 Microsoft Corporation','d','2016-07-18 13:29:47','av3_mobile_app'),('com.medm.medmwt.diary','https://104.208.31.165/api/v3/doctor/patients/43d292ad-585f-40ec-adae-f3a58501e105/stats/sync?client_api_version=1.0.0&auth_token=7333e0c6-cc9f-4173-9c15-29edef164e36&r=1468848828751','104.208.31.165','health.medm.com','AS8075 Microsoft Corporation','d','2016-07-18 13:29:47','av3_mobile_app'),('com.medm.medmwt.diary','https://104.208.31.165/api/v3/doctor/patients/43d292ad-585f-40ec-adae-f3a58501e105/stats/sync?client_api_version=1.0.0&auth_token=7333e0c6-cc9f-4173-9c15-29edef164e36&r=1468848888766','104.208.31.165','health.medm.com','AS8075 Microsoft Corporation','d','2016-07-18 13:29:47','av3_mobile_app'),('com.medm.medmwt.diary','https://104.208.31.165/api/v3/doctor/patients?client_api_version=1.0.0&auth_token=633ec06b-b2b2-4de6-8937-e3d695df3d12&r=1468850555957','104.208.31.165','health.medm.com','AS8075 Microsoft Corporation','d','2016-07-18 14:01:37','av5_sensor_device'),('com.medm.medmwt.diary','https://104.208.31.165/api/v3/doctor/patients?client_api_version=1.0.0&auth_token=7333e0c6-cc9f-4173-9c15-29edef164e36&r=1468848625233','104.208.31.165','health.medm.com','AS8075 Microsoft Corporation','d','2016-07-18 13:29:47','av3_mobile_app'),('com.medm.medmwt.diary','https://104.208.31.165/api/v3/server_info','104.208.31.165','health.medm.com','AS8075 Microsoft Corporation','d','2016-07-18 13:29:47','av3_mobile_app'),('com.medm.medmwt.diary','https://104.208.31.165/api/v3/server_info','104.208.31.165','health.medm.com','AS8075 Microsoft Corporation','d','2016-07-18 14:01:37','av5_sensor_device'),('com.medm.medmwt.diary','https://104.208.31.165/api/v3/user/login?client_api_version=1.0.0','104.208.31.165','health.medm.com','AS8075 Microsoft Corporation','d','2016-07-18 13:29:47','av3_mobile_app'),('com.medm.medmwt.diary','https://104.208.31.165/api/v3/user/login?client_api_version=1.0.0','104.208.31.165','health.medm.com','AS8075 Microsoft Corporation','d','2016-07-18 14:01:37','av5_sensor_device'),('com.medm.medmwt.diary','https://104.208.31.165/api/v3/user/profile?client_api_version=1.0.0&auth_token=7333e0c6-cc9f-4173-9c15-29edef164e36&r=1468848761540','104.208.31.165','health.medm.com','AS8075 Microsoft Corporation','d','2016-07-18 13:29:47','av3_mobile_app'),('com.medm.medmwt.diary','https://104.208.31.165/api/v3/user/profile?client_api_version=1.0.0&auth_token=7333e0c6-cc9f-4173-9c15-29edef164e36&r=1468848771726','104.208.31.165','health.medm.com','AS8075 Microsoft Corporation','d','2016-07-18 13:29:47','av3_mobile_app'),('com.medm.medmwt.diary','https://104.208.31.165/api/v3/user/push/gcm?client_api_version=1.0.0&auth_token=633ec06b-b2b2-4de6-8937-e3d695df3d12&r=1468850555667','104.208.31.165','health.medm.com','AS8075 Microsoft Corporation','d','2016-07-18 14:01:37','av5_sensor_device'),('com.medm.medmwt.diary','https://104.208.31.165/api/v3/user/push/gcm?client_api_version=1.0.0&auth_token=7333e0c6-cc9f-4173-9c15-29edef164e36&r=1468848624938','104.208.31.165','health.medm.com','AS8075 Microsoft Corporation','d','2016-07-18 13:29:47','av3_mobile_app'),('com.medm.medmwt.diary','https://104.208.31.165/api/v3/user/signup?client_api_version=1.0.0&locale=en','104.208.31.165','health.medm.com','AS8075 Microsoft Corporation','d','2016-07-18 13:29:47','av3_mobile_app'),('com.medm.medmwt.diary','https://104.208.31.165/uploads/tenants/7edfbfb1-0205-40b6-a45e-1b53b9ea4a44/photos/5a3/png_x270y360_5a362588-b5a3-41a5-818e-32753a4fb1db?client_api_version=1.0.0','104.208.31.165','health.medm.com','AS8075 Microsoft Corporation','d','2016-07-18 13:29:47','av3_mobile_app'),('com.medm.medmwt.diary','https://216.58.198.238/c2dm/register3','216.58.198.238','android.clients.google.com','AS15169 Google Inc.','d','2016-07-08 10:44:07','av1_data_trans'),('com.medm.medmwt.diary','https://216.58.208.162/pagead/conversion/1001680686/?bundleid=com.google.android.youtube&appversion=10.28.60&osversion=6.0&sdkversion=ct-sdk-a-v2.2.2&gms=1&lat=0&rdid=f0c044d8-3604-40d4-aac4-464023202','216.58.208.162','www.googleadservices.com','AS15169 Google Inc.','d','2016-07-18 13:29:47','av3_mobile_app'),('com.medm.medmwt.diary','https://216.58.208.164/m/voice-search/fallback','216.58.208.164',NULL,'AS15169 Google Inc.','d','2016-07-18 13:29:47','av3_mobile_app'),('com.medm.medmwt.diary','https://216.58.208.174/c2dm/register3','216.58.208.174','android.clients.google.com','AS15169 Google Inc.','d','2016-07-18 14:01:37','av5_sensor_device'),('com.medm.medmwt.diary','https://216.58.208.174/chrome-variations/seed?osname=android','216.58.208.174',NULL,'AS15169 Google Inc.','d','2016-07-18 13:29:47','av3_mobile_app'),('com.medm.medmwt.diary','https://216.58.210.40/batch','216.58.210.40','ssl.google-analytics.com','AS15169 Google Inc.','d','2016-07-08 10:44:07','av1_data_trans'),('com.medm.medmwt.diary','https://216.58.213.164/m/voice-search/fallback','216.58.213.164','','AS15169 Google Inc.','d','2016-07-08 10:44:07','av1_data_trans'),('com.microsoft.kapp','https://131.253.61.98/favicon.ico','131.253.61.98','login.live.com','AS8075 Microsoft Corporation','d','2016-07-08 10:35:59','av1_data_trans'),('com.microsoft.kapp','https://131.253.61.98/oauth20_authorize.srf?client_id=000000004811DB42&scope=service::prodkds.dns-cargo.com::MBI_SSL&response_type=token&redirect_uri=https://login.live.com/oauth20_desktop.srf','131.253.61.98','login.live.com','AS8075 Microsoft Corporation','d','2016-07-08 10:35:59','av1_data_trans'),('com.microsoft.kapp','https://131.253.61.98/oauth20_desktop.srf?lc=2057','131.253.61.98','login.live.com','AS8075 Microsoft Corporation','d','2016-07-08 10:35:59','av1_data_trans'),('com.microsoft.kapp','https://131.253.61.98/pp1600/images/hig_progcircle_animated.gif','131.253.61.98','login.live.com','AS8075 Microsoft Corporation','d','2016-07-08 10:35:59','av1_data_trans'),('com.microsoft.kapp','https://131.253.61.98/ppsecure/post.srf?client_id=000000004811DB42&scope=service::prodkds.dns-cargo.com::MBI_SSL&response_type=token&redirect_uri=https://login.live.com/oauth20_desktop.srf&contextid=B','131.253.61.98','login.live.com','AS8075 Microsoft Corporation','d','2016-07-08 10:35:59','av1_data_trans'),('com.microsoft.kapp','https://137.116.241.191//v1/userprofiles','137.116.241.191','prodphsneu.dns-cargo.com','AS8075 Microsoft Corporation','d','2016-07-08 10:35:59','av1_data_trans'),('com.microsoft.kapp','https://137.116.241.191/notification/v1/00000000-0000-0000-359e-9bb19e91a9ca/?psnsi=eyIic5vYZWw%3AAPA91bHQeAA1Svs3y1Afm8miQO6EAnB3g6DTY6iFEG2H2-zMV4AyMfT1EpJA6BZIBMhjZyLvlLSw1sXpQkeQtYL6NTe77aR2rl2RL1','137.116.241.191','prodphsneu.dns-cargo.com','AS8075 Microsoft Corporation','d','2016-07-08 10:35:59','av1_data_trans'),('com.microsoft.kapp','https://137.116.241.191/notification/v1/00000000-0000-0000-359e-9bb19e91a9ca/kcloud-nonprod%7C2892169714633961438-5986588523947381607-11/?psnsi=eyIic5vYZWw%3AAPA91bHQeAA1Svs3y1Afm8miQO6EAnB3g6DTY6iFEG','137.116.241.191','prodphsneu.dns-cargo.com','AS8075 Microsoft Corporation','d','2016-07-08 10:35:59','av1_data_trans'),('com.microsoft.kapp','https://137.116.241.191/v1/8739fbb7-6bcf-4bb3-a217-c07b0f54ee02/UserWellnessSchedule?utcStartTime=2016-07-07T23%3A00%3A00Z&utcEndTime=2016-07-08T23%3A00%3A00Z','137.116.241.191','prodphsneu.dns-cargo.com','AS8075 Microsoft Corporation','d','2016-07-08 10:35:59','av1_data_trans'),('com.microsoft.kapp','https://137.116.241.191/v1/Events(eventType=\'Sleeping\')?$top=1','137.116.241.191','prodphsneu.dns-cargo.com','AS8075 Microsoft Corporation','d','2016-07-08 10:35:59','av1_data_trans'),('com.microsoft.kapp','https://137.116.241.191/v1/Goals?status=1&isExpand=true&category=3&type=1','137.116.241.191','prodphsneu.dns-cargo.com','AS8075 Microsoft Corporation','d','2016-07-08 10:35:59','av1_data_trans'),('com.microsoft.kapp','https://137.116.241.191/v1/Goals?status=1&isExpand=true&category=3&type=2','137.116.241.191','prodphsneu.dns-cargo.com','AS8075 Microsoft Corporation','d','2016-07-08 10:35:59','av1_data_trans'),('com.microsoft.kapp','https://137.116.241.191/v2/UserDailySummary(timeZoneUtcOffset=60,startDate=\'2016-07-08\',endDate=\'2016-07-09\')','137.116.241.191','prodphsneu.dns-cargo.com','AS8075 Microsoft Corporation','d','2016-07-08 10:35:59','av1_data_trans'),('com.microsoft.kapp','https://137.116.241.191/v2/weights/?top=2','137.116.241.191','prodphsneu.dns-cargo.com','AS8075 Microsoft Corporation','d','2016-07-08 10:35:59','av1_data_trans'),('com.microsoft.kapp','https://191.235.209.34/api/AppsConfig','191.235.209.34','prodfus.dns-cargo.com','AS8075 Microsoft Corporation','d','2016-07-08 10:35:59','av1_data_trans'),('com.microsoft.kapp','https://191.235.215.105/api/v1/user','191.235.215.105','prodkds.dns-cargo.com','AS8075 Microsoft Corporation','d','2016-07-08 10:35:59','av1_data_trans'),('com.microsoft.kapp','https://216.58.213.100/m/voice-search/fallback','216.58.213.100','','AS15169 Google Inc.','d','2016-07-08 10:35:59','av1_data_trans'),('com.microsoft.kapp','https://216.58.213.110/c2dm/register3','216.58.213.110','android.clients.google.com','AS15169 Google Inc.','d','2016-07-08 10:35:59','av1_data_trans'),('com.microsoft.kapp','https://23.43.72.70/16.000.26401.00/AppCentipede/AppCentipede_Microsoft.svg','23.43.72.70','auth.gfx.ms','AS16625 Akamai Technologies, Inc.','d','2016-07-08 10:35:59','av1_data_trans'),('com.microsoft.kapp','https://23.43.72.70/16.000.26401.00/Default2057.css','23.43.72.70','auth.gfx.ms','AS16625 Akamai Technologies, Inc.','d','2016-07-08 10:35:59','av1_data_trans'),('com.microsoft.kapp','https://23.43.72.70/16.000.26401.00/DefaultLoginStrings2057.js','23.43.72.70','auth.gfx.ms','AS16625 Akamai Technologies, Inc.','d','2016-07-08 10:35:59','av1_data_trans'),('com.microsoft.kapp','https://23.43.72.70/16.000.26401.00/DefaultLogin_Core.js','23.43.72.70','auth.gfx.ms','AS16625 Akamai Technologies, Inc.','d','2016-07-08 10:35:59','av1_data_trans'),('com.microsoft.kapp','https://23.43.72.70/16.000.26401.00/Microsoft_Logotype_Gray.svg','23.43.72.70','auth.gfx.ms','AS16625 Akamai Technologies, Inc.','d','2016-07-08 10:35:59','av1_data_trans'),('com.microsoft.kapp','https://23.96.118.133/api/socialApi/tileDisplay?poolUrl=https%3A%2F%2Fprodphsneu.dns-cargo.com%2F&facebookToken=&facebookUserId=&timezoneOffsetMinutes=60','23.96.118.133','social.microsoftband.com','AS8075 Microsoft Corporation','d','2016-07-08 10:35:59','av1_data_trans'),('com.microsoft.kapp','https://23.99.32.78/appconfigs/gb/default.json','23.99.32.78','fusstorageprodwus.blob.core.windows.net','AS8075 Microsoft Corporation','d','2016-07-08 10:35:59','av1_data_trans'),('com.microsoft.kapp','https://69.171.230.5/v2.5/1537258739822978?fields=supports_implicit_sdk_logging%2Cgdpv4_nux_content%2Cgdpv4_nux_enabled%2Candroid_dialog_configs%2Candroid_sdk_error_categories&format=json&sdk=android','69.171.230.5','graph.facebook.com','AS32934 Facebook, Inc.','d','2016-07-08 10:35:59','av1_data_trans'),('com.mioglobal.android.miogo','http://104.28.4.42/miogo/menu/en/menu.xml','104.28.4.42','cdn.mioglobal.com','AS13335 CloudFlare, Inc.','d','2016-07-08 11:24:40','av1_data_trans'),('com.mioglobal.android.miogo','http://104.28.4.42/miogo/ota/android/2.6.2/en/ota.json','104.28.4.42','cdn.mioglobal.com','AS13335 CloudFlare, Inc.','d','2016-07-08 11:24:40','av1_data_trans'),('com.mioglobal.android.miogo','http://104.28.4.42/miogo/ota/android/2.6.2/en/otaDevices.json','104.28.4.42','cdn.mioglobal.com','AS13335 CloudFlare, Inc.','d','2016-07-08 11:24:40','av1_data_trans'),('com.mioglobal.android.miogo','https://216.58.213.164/m/voice-search/fallback','216.58.213.164',NULL,'AS15169 Google Inc.','d','2016-07-08 11:24:40','av1_data_trans'),('com.mioglobal.android.miogo','https://216.58.214.8/batch','216.58.214.8','ssl.google-analytics.com','AS15169 Google Inc.','d','2016-07-08 11:24:40','av1_data_trans'),('com.mioglobal.android.miogo','https://50.19.220.208/spi/v2/platforms/android/apps/com.mioglobal.android.miogo/settings?icon_hash=80adde677074c148810839df83731ee31cde3640&display_version=2.6.2&source=1&instance=0f0c2b6a76a25f656f9e','50.19.220.208','settings.crashlytics.com','AS14618 Amazon.com, Inc.','d','2016-07-08 11:24:40','av1_data_trans'),('com.mioglobal.android.miogo','https://54.243.150.107/spi/v2/events','54.243.150.107','e.crashlytics.com','AS14618 Amazon.com, Inc.','d','2016-07-08 11:24:40','av1_data_trans'),('com.stabxtom.thomson','http://110.173.196.36/app_logs','110.173.196.36','alog.umeng.com','AS37963 Hangzhou Alibaba Advertising Co.,Ltd.','d','2016-07-08 10:45:29','av1_data_trans'),('com.stabxtom.thomson','http://110.173.196.36/app_logs','110.173.196.36','alog.umeng.com','AS37963 Hangzhou Alibaba Advertising Co.,Ltd.','d','2016-07-15 13:05:04','av3_mobile_app'),('com.stabxtom.thomson','http://91.121.28.135/datacenter/android_version_service/getLatestAndroidVersion','91.121.28.135','app.thomson-hc.eu','AS16276 OVH SAS','d','2016-07-08 10:45:29','av1_data_trans'),('com.stabxtom.thomson','http://91.121.28.135/datacenter/android_version_service/getLatestAndroidVersion','91.121.28.135','app.thomson-hc.eu','AS16276 OVH SAS','d','2016-07-15 13:05:04','av3_mobile_app'),('com.stabxtom.thomson','http://91.121.28.135/datacenter/family_account_service/existUsername?username=inf.thomson@gmail.com&carrier=Thomson','91.121.28.135','app.thomson-hc.eu','AS16276 OVH SAS','d','2016-07-15 13:05:04','av3_mobile_app'),('com.stabxtom.thomson','http://91.121.28.135/datacenter/family_account_service/login?username=inf.thomson@gmail.com&password=36d04a9d74392c727b1a9bf97a7bcbac&mobileId=79b8fa2143b24c1a97ef3ed6ce1d8234&carrier=Thomson','91.121.28.135','app.thomson-hc.eu','AS16276 OVH SAS','d','2016-07-15 13:05:04','av3_mobile_app'),('com.stabxtom.thomson','http://91.121.28.135/datacenter/family_account_service/login?username=uoe.proj.1@gmail.com&password=23ea63252b8d8f43d75101a4f35841af&mobileId=b16343d425c044acb532b4a7660ccafb&carrier=Thomson','91.121.28.135','app.thomson-hc.eu','AS16276 OVH SAS','d','2016-07-08 10:45:29','av1_data_trans'),('com.stabxtom.thomson','http://91.121.28.135/datacenter/family_account_service/login?username=uoe.proj.1@gmail.com&password=325a2cc052914ceeb8c19016c091d2ac&mobileId=b16343d425c044acb532b4a7660ccafb&carrier=Thomson','91.121.28.135','app.thomson-hc.eu','AS16276 OVH SAS','d','2016-07-08 10:45:29','av1_data_trans'),('com.stabxtom.thomson','http://91.121.28.135/datacenter/family_account_service/signup','91.121.28.135','app.thomson-hc.eu','AS16276 OVH SAS','d','2016-07-15 13:05:04','av3_mobile_app'),('com.stabxtom.thomson','http://91.121.28.135/datacenter/syncdata_service/initDownload?weight_ts=0&bp_ts=0&height_ts=0&walking_ts=0&count=200','91.121.28.135','app.thomson-hc.eu','AS16276 OVH SAS','d','2016-07-08 10:45:29','av1_data_trans'),('com.stabxtom.thomson','http://91.121.28.135/datacenter/syncdata_service/initDownload?weight_ts=0&bp_ts=0&height_ts=0&walking_ts=0&count=600','91.121.28.135','app.thomson-hc.eu','AS16276 OVH SAS','d','2016-07-15 13:05:04','av3_mobile_app'),('com.stabxtom.thomson','http://91.121.28.135/datacenter/syncdata_service/initHealthNews','91.121.28.135','app.thomson-hc.eu','AS16276 OVH SAS','d','2016-07-08 10:45:29','av1_data_trans'),('com.stabxtom.thomson','http://91.121.28.135/datacenter/syncdata_service/initHealthNews','91.121.28.135','app.thomson-hc.eu','AS16276 OVH SAS','d','2016-07-15 13:05:04','av3_mobile_app'),('com.stabxtom.thomson','http://91.121.28.135/datacenter/syncdata_service/updateDownload?ts=1467974801971','91.121.28.135','app.thomson-hc.eu','AS16276 OVH SAS','d','2016-07-08 10:45:29','av1_data_trans'),('com.stabxtom.thomson','http://91.121.28.135/datacenter/syncdata_service/updateDownload?ts=1468588339985','91.121.28.135','app.thomson-hc.eu','AS16276 OVH SAS','d','2016-07-15 13:05:04','av3_mobile_app'),('com.stabxtom.thomson','http://91.121.28.135/datacenter/syncdata_service/updateDownload?ts=1468588342025','91.121.28.135','app.thomson-hc.eu','AS16276 OVH SAS','d','2016-07-15 13:05:04','av3_mobile_app'),('com.stabxtom.thomson','http://91.121.28.135/datacenter/syncdata_service/updateHealthNews?ts=1468588342332','91.121.28.135','app.thomson-hc.eu','AS16276 OVH SAS','d','2016-07-15 13:05:04','av3_mobile_app'),('com.stabxtom.thomson','http://91.121.28.135/datacenter/syncdata_service/updateHealthNews?ts=1468588362495','91.121.28.135','app.thomson-hc.eu','AS16276 OVH SAS','d','2016-07-15 13:05:04','av3_mobile_app'),('com.stabxtom.thomson','http://91.121.28.135/datacenter/syncdata_service/updateHealthNews?ts=1468588381528','91.121.28.135','app.thomson-hc.eu','AS16276 OVH SAS','d','2016-07-15 13:05:04','av3_mobile_app'),('com.stabxtom.thomson','http://91.121.28.135/datacenter/syncdata_service/updateHealthNews?ts=1468588400850','91.121.28.135','app.thomson-hc.eu','AS16276 OVH SAS','d','2016-07-15 13:05:04','av3_mobile_app'),('com.stabxtom.thomson','http://91.121.28.135/datacenter/syncdata_service/updateHealthNews?ts=1468588421876','91.121.28.135','app.thomson-hc.eu','AS16276 OVH SAS','d','2016-07-15 13:05:04','av3_mobile_app'),('com.stabxtom.thomson','http://91.121.28.135/datacenter/syncdata_service/updateHealthNews?ts=1468588441796','91.121.28.135','app.thomson-hc.eu','AS16276 OVH SAS','d','2016-07-15 13:05:04','av3_mobile_app'),('com.stabxtom.thomson','http://91.121.28.135/datacenter/syncdata_service/updateHealthNews?ts=1468588462015','91.121.28.135','app.thomson-hc.eu','AS16276 OVH SAS','d','2016-07-15 13:05:04','av3_mobile_app'),('com.stabxtom.thomson','http://91.121.28.135/datacenter/syncdata_service/updateHealthNews?ts=1468588482603','91.121.28.135','app.thomson-hc.eu','AS16276 OVH SAS','d','2016-07-15 13:05:04','av3_mobile_app'),('com.stabxtom.thomson','http://91.121.28.135/datacenter/syncdata_service/updateHealthNews?ts=1468588501957','91.121.28.135','app.thomson-hc.eu','AS16276 OVH SAS','d','2016-07-15 13:05:04','av3_mobile_app'),('com.stabxtom.thomson','http://91.121.28.135/datacenter/syncdata_service/updateHealthNews?ts=1468588521241','91.121.28.135','app.thomson-hc.eu','AS16276 OVH SAS','d','2016-07-15 13:05:04','av3_mobile_app'),('com.stabxtom.thomson','http://91.121.28.135/datacenter/syncdata_service/updateHealthNews?ts=1468588541932','91.121.28.135','app.thomson-hc.eu','AS16276 OVH SAS','d','2016-07-15 13:05:04','av3_mobile_app'),('com.stabxtom.thomson','http://91.121.28.135/datacenter/syncdata_service/updateHealthNews?ts=1468588561950','91.121.28.135','app.thomson-hc.eu','AS16276 OVH SAS','d','2016-07-15 13:05:04','av3_mobile_app'),('com.stabxtom.thomson','http://91.121.28.135/datacenter/syncdata_service/updateHealthNews?ts=1468588582111','91.121.28.135','app.thomson-hc.eu','AS16276 OVH SAS','d','2016-07-15 13:05:04','av3_mobile_app'),('com.stabxtom.thomson','http://91.121.28.135/datacenter/syncdata_service/updateHealthNews?ts=1468588602902','91.121.28.135','app.thomson-hc.eu','AS16276 OVH SAS','d','2016-07-15 13:05:04','av3_mobile_app'),('com.stabxtom.thomson','http://91.121.28.135/datacenter/syncdata_service/updateHealthNews?ts=1468588623068','91.121.28.135','app.thomson-hc.eu','AS16276 OVH SAS','d','2016-07-15 13:05:04','av3_mobile_app'),('com.stabxtom.thomson','https://216.58.213.106/config','216.58.213.106','cloudconfig.googleapis.com','AS15169 Google Inc.','d','2016-07-15 13:05:04','av3_mobile_app'),('com.stabxtom.thomson','https://216.58.213.164/m/voice-search/fallback','216.58.213.164','','AS15169 Google Inc.','d','2016-07-08 10:45:29','av1_data_trans'),('com.stabxtom.thomson','https://216.58.214.4/m/voice-search/fallback','216.58.214.4',NULL,'AS15169 Google Inc.','d','2016-07-15 13:05:04','av3_mobile_app'),('com.veclink.movnow.healthy_q2','http://106.39.219.1/pkl16.html','106.39.219.1','s.appjiagu.com:80','AS23724 IDC, China Telecommunications Corporation','d','2016-07-08 10:41:48','av1_data_trans'),('com.veclink.movnow.healthy_q2','http://120.132.176.172/conf4','120.132.176.172','api.share.mob.com:80','AS9308 Abitcool(China) Inc.','d','2016-07-08 10:41:48','av1_data_trans'),('com.veclink.movnow.healthy_q2','http://120.132.176.172/snsconf','120.132.176.172','api.share.mob.com:80','AS9308 Abitcool(China) Inc.','d','2016-07-08 10:41:48','av1_data_trans'),('com.withings.wiscale2','http://151.101.61.6/zendesk/product/app-partners.png','151.101.61.6','media-cdn.withings.com','AS54113 Fastly','d','2016-07-12 09:26:03','av5_sensor_device'),('com.withings.wiscale2','http://151.101.61.6/zendesk/product/europe.jpg','151.101.61.6','media-cdn.withings.com','AS54113 Fastly','d','2016-07-12 09:26:03','av5_sensor_device'),('com.withings.wiscale2','http://151.101.61.6/zendesk/product/usa.jpg','151.101.61.6','media-cdn.withings.com','AS54113 Fastly','d','2016-07-12 09:26:03','av5_sensor_device'),('com.withings.wiscale2','http://151.101.61.6/zendesk/product/withings-activite-pop-steel.png','151.101.61.6','media-cdn.withings.com','AS54113 Fastly','d','2016-07-12 09:26:03','av5_sensor_device'),('com.withings.wiscale2','http://151.101.61.6/zendesk/product/withings-aura-lamp.png','151.101.61.6','media-cdn.withings.com','AS54113 Fastly','d','2016-07-12 09:26:03','av5_sensor_device'),('com.withings.wiscale2','http://151.101.61.6/zendesk/product/withings-baby-monitor-l.png','151.101.61.6','media-cdn.withings.com','AS54113 Fastly','d','2016-07-12 09:26:03','av5_sensor_device'),('com.withings.wiscale2','http://151.101.61.6/zendesk/product/withings-blood-pressure-monitor.png','151.101.61.6','media-cdn.withings.com','AS54113 Fastly','d','2016-07-12 09:26:03','av5_sensor_device'),('com.withings.wiscale2','http://151.101.61.6/zendesk/product/withings-camera-home.png','151.101.61.6','media-cdn.withings.com','AS54113 Fastly','d','2016-07-12 09:26:03','av5_sensor_device'),('com.withings.wiscale2','http://151.101.61.6/zendesk/product/withings-kid-scale.jpg','151.101.61.6','media-cdn.withings.com','AS54113 Fastly','d','2016-07-12 09:26:03','av5_sensor_device'),('com.withings.wiscale2','http://151.101.61.6/zendesk/product/withings-smart-scale-l.png','151.101.61.6','media-cdn.withings.com','AS54113 Fastly','d','2016-07-12 09:26:03','av5_sensor_device'),('com.withings.wiscale2','http://151.101.61.6/zendesk/product/withings-thermo.png','151.101.61.6','media-cdn.withings.com','AS54113 Fastly','d','2016-07-12 09:26:03','av5_sensor_device'),('com.withings.wiscale2','http://151.101.61.6/zendesk/product/withings-tracker-go.png','151.101.61.6','media-cdn.withings.com','AS54113 Fastly','d','2016-07-12 09:26:03','av5_sensor_device'),('com.withings.wiscale2','http://151.101.61.6/zendesk/product/withings-tracker-pulse.png','151.101.61.6','media-cdn.withings.com','AS54113 Fastly','d','2016-07-12 09:26:03','av5_sensor_device'),('com.withings.wiscale2','http://151.101.61.6/zendesk/product/withings-watch-tracker-activite.png','151.101.61.6','media-cdn.withings.com','AS54113 Fastly','d','2016-07-12 09:26:03','av5_sensor_device'),('com.withings.wiscale2','http://151.101.61.6/zendesk/product/withings-ws-30-l.png','151.101.61.6','media-cdn.withings.com','AS54113 Fastly','d','2016-07-12 09:26:03','av5_sensor_device'),('com.withings.wiscale2','http://216.58.213.174/generate_204','216.58.213.174','connectivitycheck.gstatic.com','AS15169 Google Inc.','d','2016-07-12 09:26:03','av5_sensor_device'),('com.withings.wiscale2','http://46.105.202.21/img/hc/dashboard.png','46.105.202.21','static.withings.com','AS16276 OVH SAS','d','2016-07-12 09:26:03','av5_sensor_device'),('com.withings.wiscale2','http://46.105.202.21/img/hc/healthmate_android.png','46.105.202.21','static.withings.com','AS16276 OVH SAS','d','2016-07-12 09:26:03','av5_sensor_device'),('com.withings.wiscale2','http://46.105.202.21/img/hc/healthmate_ios.png','46.105.202.21','static.withings.com','AS16276 OVH SAS','d','2016-07-12 09:26:03','av5_sensor_device'),('com.withings.wiscale2','http://72.51.26.219/xtra2.bin','72.51.26.219','xtra1.gpsonextra.net','AS13768 Peer 1 Network (USA) Inc.','d','2016-07-12 09:26:03','av5_sensor_device'),('com.withings.wiscale2','http://89.30.121.150/cgi-bin/association','89.30.121.150','scalews.withings.net','AS31216 BSO Network Solutions SAS','d','2016-07-12 10:06:52','av5_sensor_device'),('com.withings.wiscale2','http://89.30.121.150/cgi-bin/maint','89.30.121.150','scalews.withings.net','AS31216 BSO Network Solutions SAS','d','2016-07-12 20:41:27','av1_data_trans'),('com.withings.wiscale2','http://89.30.121.150/cgi-bin/maint','89.30.121.150','scalews.withings.net','AS31216 BSO Network Solutions SAS','d','2016-07-13 07:42:31','av5_sensor_device'),('com.withings.wiscale2','http://89.30.121.150/cgi-bin/measure','89.30.121.150','scalews.withings.net','AS31216 BSO Network Solutions SAS','d','2016-07-12 20:41:27','av1_data_trans'),('com.withings.wiscale2','http://89.30.121.150/cgi-bin/measure','89.30.121.150','scalews.withings.net','AS31216 BSO Network Solutions SAS','d','2016-07-13 07:42:31','av5_sensor_device'),('com.withings.wiscale2','http://89.30.121.150/cgi-bin/once','89.30.121.150','scalews.withings.net','AS31216 BSO Network Solutions SAS','d','2016-07-12 20:41:27','av1_data_trans'),('com.withings.wiscale2','http://89.30.121.150/cgi-bin/once','89.30.121.150','scalews.withings.net','AS31216 BSO Network Solutions SAS','d','2016-07-13 07:42:31','av5_sensor_device'),('com.withings.wiscale2','http://89.30.121.150/cgi-bin/session','89.30.121.150','scalews.withings.net','AS31216 BSO Network Solutions SAS','d','2016-07-12 20:41:27','av1_data_trans'),('com.withings.wiscale2','http://89.30.121.150/cgi-bin/session','89.30.121.150','scalews.withings.net','AS31216 BSO Network Solutions SAS','d','2016-07-13 07:42:31','av5_sensor_device'),('com.withings.wiscale2','http://89.30.121.150/cgi-bin/v2/summary','89.30.121.150','scalews.withings.net','AS31216 BSO Network Solutions SAS','d','2016-07-12 20:41:27','av1_data_trans'),('com.withings.wiscale2','http://89.30.121.150/cgi-bin/v2/summary','89.30.121.150','scalews.withings.net','AS31216 BSO Network Solutions SAS','d','2016-07-13 07:42:31','av5_sensor_device'),('com.withings.wiscale2','http://89.30.121.150/cgi-bin/v2/weather','89.30.121.150','scalews.withings.net','AS31216 BSO Network Solutions SAS','d','2016-07-12 20:41:27','av1_data_trans'),('com.withings.wiscale2','http://89.30.121.150/cgi-bin/v2/weather','89.30.121.150','scalews.withings.net','AS31216 BSO Network Solutions SAS','d','2016-07-13 07:42:31','av5_sensor_device'),('com.withings.wiscale2','http://89.30.121.170/helpcenter','89.30.121.170','support.withings.com','AS31216 BSO Network Solutions SAS','d','2016-07-14 14:51:01','av3_mobile_app'),('com.withings.wiscale2','http://89.30.121.170/helpcenter','89.30.121.170','support.withings.com','AS31216 BSO Network Solutions SAS','d','2016-07-12 09:26:03','av5_sensor_device'),('com.withings.wiscale2','https://107.20.246.158/spi/v2/platforms/android/apps/com.withings.wiscale2/settings?icon_hash=7d7af0b3e47feebed0c5e7f3de08782fc3417e4c&display_version=2.16&source=1&instance=b2b7e680801595a831f2ff6706','107.20.246.158','settings.crashlytics.com','AS14618 Amazon.com, Inc.','d','2016-07-12 16:54:00','av3_mobile_app'),('com.withings.wiscale2','https://107.22.176.47/spi/v2/events','107.22.176.47','e.crashlytics.com','AS14618 Amazon.com, Inc.','d','2016-07-12 10:06:52','av5_sensor_device'),('com.withings.wiscale2','https://107.22.221.192/spi/v2/events','107.22.221.192','e.crashlytics.com','AS14618 Amazon.com, Inc.','d','2016-07-08 10:42:42','av1_data_trans'),('com.withings.wiscale2','https://174.129.42.30/spi/v2/platforms/android/apps/com.withings.wiscale2/settings?icon_hash=7d7af0b3e47feebed0c5e7f3de08782fc3417e4c&display_version=2.16&source=1&instance=b2b7e680801595a831f2ff67064','174.129.42.30','settings.crashlytics.com','AS14618 Amazon.com, Inc.','d','2016-07-12 09:26:03','av5_sensor_device'),('com.withings.wiscale2','https://192.0.77.2/assets.zendesk.com/hc/assets/user_avatar.png?ssl=1','192.0.77.2','i1.wp.com','AS2635 Automattic, Inc','d','2016-07-12 09:26:03','av5_sensor_device'),('com.withings.wiscale2','https://192.0.80.241/avatar/4457a8be4cbf094db826be6e4fa3f2b9?default=https%3A%2F%2Fassets.zendesk.com%2Fhc%2Fassets%2Fuser_avatar.png&r=g','192.0.80.241','secure.gravatar.com','AS2635 Automattic, Inc','d','2016-07-14 14:51:01','av3_mobile_app'),('com.withings.wiscale2','https://192.0.80.241/avatar/4457a8be4cbf094db826be6e4fa3f2b9?default=https%3A%2F%2Fassets.zendesk.com%2Fhc%2Fassets%2Fuser_avatar.png&r=g','192.0.80.241','secure.gravatar.com','AS2635 Automattic, Inc','d','2016-07-12 09:26:03','av5_sensor_device'),('com.withings.wiscale2','https://192.0.80.242/avatar/4457a8be4cbf094db826be6e4fa3f2b9?default=https%3A%2F%2Fassets.zendesk.com%2Fhc%2Fassets%2Fuser_avatar.png&r=g','192.0.80.242','secure.gravatar.com','AS2635 Automattic, Inc','d','2016-07-12 10:06:52','av5_sensor_device'),('com.withings.wiscale2','https://192.161.156.1/access/jwt?jwt=eyJ0eXAiOiJKV1QiLCJhbGciOiJIUzI1NiJ9.eyJ0eXAiOiJKV1QiLCJhbGciOiJIUzI1NiIsImp0aSI6IjEzNDcyNTY4NmFhZjk0NWMzNjUwMzZlYTZkYTA5NjhmIiwiaWF0IjoxNDY4MzE1OTU1LCJuYW1lIjoiaW','192.161.156.1','withings.zendesk.com','AS21880 Zendesk, Inc.','d','2016-07-12 09:26:03','av5_sensor_device'),('com.withings.wiscale2','https://192.161.156.1/access/jwt?jwt=eyJ0eXAiOiJKV1QiLCJhbGciOiJIUzI1NiJ9.eyJ0eXAiOiJKV1QiLCJhbGciOiJIUzI1NiIsImp0aSI6IjU4MjM2MzJmMDFhNDVkM2UxMGYwNzY3Y2YwZThmZjVmIiwiaWF0IjoxNDY4NTA3OTY4LCJuYW1lIjoiaW','192.161.156.1','withings.zendesk.com','AS21880 Zendesk, Inc.','d','2016-07-14 14:51:01','av3_mobile_app'),('com.withings.wiscale2','https://192.161.156.1/api/v2/help_center/en-us/categories.json','192.161.156.1','withings.zendesk.com','AS21880 Zendesk, Inc.','d','2016-07-12 10:06:52','av5_sensor_device'),('com.withings.wiscale2','https://192.161.156.1/api/v2/help_center/en-us/categories/200118117.json','192.161.156.1','withings.zendesk.com','AS21880 Zendesk, Inc.','d','2016-07-12 09:26:03','av5_sensor_device'),('com.withings.wiscale2','https://192.161.156.1/api/v2/help_center/en-us/categories/200118117/sections.json','192.161.156.1','withings.zendesk.com','AS21880 Zendesk, Inc.','d','2016-07-12 09:26:03','av5_sensor_device'),('com.withings.wiscale2','https://192.161.156.1/auth/v2/host.js','192.161.156.1','withings.zendesk.com','AS21880 Zendesk, Inc.','d','2016-07-14 14:51:01','av3_mobile_app'),('com.withings.wiscale2','https://192.161.156.1/auth/v2/host.js','192.161.156.1','withings.zendesk.com','AS21880 Zendesk, Inc.','d','2016-07-12 10:06:52','av5_sensor_device'),('com.withings.wiscale2','https://192.161.156.1/hc','192.161.156.1','withings.zendesk.com','AS21880 Zendesk, Inc.','d','2016-07-14 14:51:01','av3_mobile_app'),('com.withings.wiscale2','https://192.161.156.1/hc','192.161.156.1','withings.zendesk.com','AS21880 Zendesk, Inc.','d','2016-07-12 09:26:03','av5_sensor_device'),('com.withings.wiscale2','https://192.161.156.1/hc/en-us','192.161.156.1','withings.zendesk.com','AS21880 Zendesk, Inc.','d','2016-07-14 14:51:01','av3_mobile_app'),('com.withings.wiscale2','https://192.161.156.1/hc/en-us','192.161.156.1','withings.zendesk.com','AS21880 Zendesk, Inc.','d','2016-07-12 09:26:03','av5_sensor_device'),('com.withings.wiscale2','https://192.161.156.1/hc/en-us/articles/201488797-Syncing-my-data','192.161.156.1','withings.zendesk.com','AS21880 Zendesk, Inc.','d','2016-07-12 09:26:03','av5_sensor_device'),('com.withings.wiscale2','https://192.161.156.1/hc/en-us/article_attachments/201137448/PDF.png','192.161.156.1','withings.zendesk.com','AS21880 Zendesk, Inc.','d','2016-07-12 09:26:03','av5_sensor_device'),('com.withings.wiscale2','https://192.161.156.1/hc/en-us/article_attachments/207799588/bodycardio.jpg','192.161.156.1','withings.zendesk.com','AS21880 Zendesk, Inc.','d','2016-07-12 09:26:03','av5_sensor_device'),('com.withings.wiscale2','https://192.161.156.1/hc/en-us/categories/200118117','192.161.156.1','withings.zendesk.com','AS21880 Zendesk, Inc.','d','2016-07-12 10:06:52','av5_sensor_device'),('com.withings.wiscale2','https://192.161.156.1/hc/en-us/categories/200118117-Wireless-Scale-WS-30-','192.161.156.1','withings.zendesk.com','AS21880 Zendesk, Inc.','d','2016-07-12 09:26:03','av5_sensor_device'),('com.withings.wiscale2','https://192.161.156.1/hc/en-us/sections/200335697-Syncing','192.161.156.1','withings.zendesk.com','AS21880 Zendesk, Inc.','d','2016-07-12 09:26:03','av5_sensor_device'),('com.withings.wiscale2','https://192.161.156.1/hc/tracking/events?locale=en-us','192.161.156.1','withings.zendesk.com','AS21880 Zendesk, Inc.','d','2016-07-14 14:51:01','av3_mobile_app'),('com.withings.wiscale2','https://192.161.156.1/hc/tracking/events?locale=en-us','192.161.156.1','withings.zendesk.com','AS21880 Zendesk, Inc.','d','2016-07-12 10:06:52','av5_sensor_device'),('com.withings.wiscale2','https://216.58.198.106/experimentsandconfigs/v1/getExperimentsAndConfigs?key=AIzaSyAP-gfH3qvi6vgHZbSYwQ_XHqV_mXHhzIk','216.58.198.106','www.googleapis.com','AS15169 Google Inc.','d','2016-07-12 08:19:52','av3_mobile_app'),('com.withings.wiscale2','https://216.58.198.170/experimentsandconfigs/v1/getExperimentsAndConfigs?key=AIzaSyAP-gfH3qvi6vgHZbSYwQ_XHqV_mXHhzIk','216.58.198.170','www.googleapis.com','AS15169 Google Inc.','d','2016-07-14 14:51:01','av3_mobile_app'),('com.withings.wiscale2','https://216.58.198.170/upload/drive/v2/files?uploadType=resumable','216.58.198.170',NULL,'AS15169 Google Inc.','d','2016-07-14 14:51:01','av3_mobile_app'),('com.withings.wiscale2','https://216.58.198.170/upload/drive/v2/files?uploadType=resumable&upload_id=AEnB2Ur5zCW5bohscPIeSS59JwvCFx9Adl3tgKhUcG9yaf3OrtvA3Ba9TQyvfGbf6Ke-8C_sHkUsltsNrKJI507sDduCZbYAYw','216.58.198.170',NULL,'AS15169 Google Inc.','d','2016-07-14 14:51:01','av3_mobile_app'),('com.withings.wiscale2','https://216.58.198.174/c2dm/register3','216.58.198.174','android.clients.google.com','AS15169 Google Inc.','d','2016-07-11 19:49:01','av3_mobile_app'),('com.withings.wiscale2','https://216.58.198.174/r/collect?v=1&_v=j44&a=463105217&t=pageview&_s=1&dl=https%3A%2F%2Fwithings.zendesk.com%2Fhc%2Fen-us&ul=en-gb&de=UTF-8&dt=Withings&sd=32-bit&sr=360x640&vp=360x512&je=1&_u=AACAAEA','216.58.198.174','www.google-analytics.com','AS15169 Google Inc.','d','2016-07-14 14:51:01','av3_mobile_app'),('com.withings.wiscale2','https://216.58.198.196/m/voice-search/fallback','216.58.198.196',NULL,'AS15169 Google Inc.','d','2016-07-13 14:40:55','av2_mobile_device'),('com.withings.wiscale2','https://216.58.198.234/androidantiabuse/v1/x/create?alt=PROTO&key=AIzaSyBofcZsgLSS7BOnBjZPEkk4rYwzOIz-lTI','216.58.198.234','www.googleapis.com','AS15169 Google Inc.','d','2016-07-12 09:26:03','av5_sensor_device'),('com.withings.wiscale2','https://216.58.198.234/log','216.58.198.234','play.googleapis.com','AS15169 Google Inc.','d','2016-07-12 09:26:03','av5_sensor_device'),('com.withings.wiscale2','https://216.58.198.238/a','216.58.198.238','app-measurement.com','AS15169 Google Inc.','d','2016-07-12 10:06:52','av5_sensor_device'),('com.withings.wiscale2','https://216.58.198.238/c2dm/register3','216.58.198.238','android.clients.google.com','AS15169 Google Inc.','d','2016-07-08 10:42:42','av1_data_trans'),('com.withings.wiscale2','https://216.58.198.238/config/app/139837228134?app_instance_id=14aaf5b7f18932dce27850f30007e30e&platform=android&gmp_version=9256','216.58.198.238','app-measurement.com','AS15169 Google Inc.','d','2016-07-12 10:06:52','av5_sensor_device'),('com.withings.wiscale2','https://216.58.208.132/m/voice-search/fallback','216.58.208.132',NULL,'AS15169 Google Inc.','d','2016-07-12 08:19:52','av3_mobile_app'),('com.withings.wiscale2','https://216.58.208.132/m/voice-search/fallback','216.58.208.132','','AS15169 Google Inc.','d','2016-07-12 09:26:03','av5_sensor_device'),('com.withings.wiscale2','https://216.58.208.136/batch','216.58.208.136','ssl.google-analytics.com','AS15169 Google Inc.','d','2016-07-14 14:51:01','av3_mobile_app'),('com.withings.wiscale2','https://216.58.208.142/auth','216.58.208.142','android.clients.google.com','AS15169 Google Inc.','d','2016-07-12 09:26:03','av5_sensor_device'),('com.withings.wiscale2','https://216.58.208.142/auth/devicekey','216.58.208.142','android.clients.google.com','AS15169 Google Inc.','d','2016-07-12 09:26:03','av5_sensor_device'),('com.withings.wiscale2','https://216.58.208.142/vi/3LqFaGdcrEY/hqdefault.jpg','216.58.208.142','img.youtube.com','AS15169 Google Inc.','d','2016-07-12 09:26:03','av5_sensor_device'),('com.withings.wiscale2','https://216.58.208.142/vi/o_jh7tKA-UU/hqdefault.jpg','216.58.208.142','img.youtube.com','AS15169 Google Inc.','d','2016-07-12 09:26:03','av5_sensor_device'),('com.withings.wiscale2','https://216.58.208.142/vi/QC2NjBPXyqs/hqdefault.jpg','216.58.208.142','img.youtube.com','AS15169 Google Inc.','d','2016-07-12 09:26:03','av5_sensor_device'),('com.withings.wiscale2','https://216.58.208.142/vi/WGuemnwhcK8/hqdefault.jpg','216.58.208.142','img.youtube.com','AS15169 Google Inc.','d','2016-07-12 09:26:03','av5_sensor_device'),('com.withings.wiscale2','https://216.58.208.164/m/voice-search/fallback','216.58.208.164','','AS15169 Google Inc.','d','2016-07-11 19:49:01','av3_mobile_app'),('com.withings.wiscale2','https://216.58.208.164/m/voice-search/fallback','216.58.208.164','','AS15169 Google Inc.','d','2016-07-13 07:42:31','av5_sensor_device'),('com.withings.wiscale2','https://216.58.208.168/batch','216.58.208.168','ssl.google-analytics.com','AS15169 Google Inc.','d','2016-07-13 14:40:55','av2_mobile_device'),('com.withings.wiscale2','https://216.58.208.168/batch','216.58.208.168','ssl.google-analytics.com','AS15169 Google Inc.','d','2016-07-13 07:42:31','av5_sensor_device'),('com.withings.wiscale2','https://216.58.208.170/play/log','216.58.208.170','play.googleapis.com','AS15169 Google Inc.','d','2016-07-08 10:42:42','av1_data_trans'),('com.withings.wiscale2','https://216.58.208.174/analytics.js','216.58.208.174','www.google-analytics.com','AS15169 Google Inc.','d','2016-07-12 09:26:03','av5_sensor_device'),('com.withings.wiscale2','https://216.58.208.174/auth','216.58.208.174','android.clients.google.com','AS15169 Google Inc.','d','2016-07-12 20:41:27','av1_data_trans'),('com.withings.wiscale2','https://216.58.208.174/auth','216.58.208.174','android.clients.google.com','AS15169 Google Inc.','d','2016-07-12 08:19:52','av3_mobile_app'),('com.withings.wiscale2','https://216.58.208.174/checkin','216.58.208.174','android.clients.google.com','AS15169 Google Inc.','d','2016-07-12 20:41:27','av1_data_trans'),('com.withings.wiscale2','https://216.58.208.174/collect?v=1&_v=j44&a=2141227455&t=pageview&_s=1&dl=https%3A%2F%2Fwithings.zendesk.com%2Fhc%2Fen-us%2Fsections%2F200335697-Syncing&ul=en-gb&de=UTF-8&dt=Syncing%20%E2%80%93%20With','216.58.208.174','www.google-analytics.com','AS15169 Google Inc.','d','2016-07-12 09:26:03','av5_sensor_device'),('com.withings.wiscale2','https://216.58.208.174/collect?v=1&_v=j44&a=633578718&t=pageview&_s=1&dl=https%3A%2F%2Fwithings.zendesk.com%2Fhc%2Fen-us%2Fcategories%2F200118117-Wireless-Scale-WS-30-&ul=en-gb&de=UTF-8&dt=Wireless%20','216.58.208.174','www.google-analytics.com','AS15169 Google Inc.','d','2016-07-12 09:26:03','av5_sensor_device'),('com.withings.wiscale2','https://216.58.208.174/collect?v=1&_v=j44&a=963033712&t=pageview&_s=1&dl=https%3A%2F%2Fwithings.zendesk.com%2Fhc%2Fen-us%2Farticles%2F201488797-Syncing-my-data&ul=en-gb&de=UTF-8&dt=Syncing%20my%20data','216.58.208.174','www.google-analytics.com','AS15169 Google Inc.','d','2016-07-12 09:26:03','av5_sensor_device'),('com.withings.wiscale2','https://216.58.208.174/r/collect?v=1&_v=j44&a=1706889383&t=pageview&_s=1&dl=https%3A%2F%2Fwithings.zendesk.com%2Fhc%2Fen-us&ul=en-gb&de=UTF-8&dt=Withings&sd=32-bit&sr=360x640&vp=360x512&je=1&_u=AEAAAE','216.58.208.174','www.google-analytics.com','AS15169 Google Inc.','d','2016-07-12 09:26:03','av5_sensor_device'),('com.withings.wiscale2','https://216.58.210.40/batch','216.58.210.40','ssl.google-analytics.com','AS15169 Google Inc.','d','2016-07-08 10:42:42','av1_data_trans'),('com.withings.wiscale2','https://216.58.210.42/androidantiabuse/v1/x/create?alt=PROTO&key=AIzaSyBofcZsgLSS7BOnBjZPEkk4rYwzOIz-lTI','216.58.210.42','www.googleapis.com','AS15169 Google Inc.','d','2016-07-12 20:41:27','av1_data_trans'),('com.withings.wiscale2','https://216.58.213.136/batch','216.58.213.136','ssl.google-analytics.com','AS15169 Google Inc.','d','2016-07-12 10:06:52','av5_sensor_device'),('com.withings.wiscale2','https://216.58.213.138/config','216.58.213.138','cloudconfig.googleapis.com','AS15169 Google Inc.','d','2016-07-12 20:41:27','av1_data_trans'),('com.withings.wiscale2','https://216.58.213.164/m/voice-search/fallback','216.58.213.164','','AS15169 Google Inc.','d','2016-07-08 10:42:42','av1_data_trans'),('com.withings.wiscale2','https://216.58.213.165/mail/g/?version=25&clientVersion=25','216.58.213.165','mail.google.com','AS15169 Google Inc.','d','2016-07-12 08:19:52','av3_mobile_app'),('com.withings.wiscale2','https://216.58.213.165/mail/g/?version=25&clientVersion=25','216.58.213.165','mail.google.com','AS15169 Google Inc.','d','2016-07-12 09:26:03','av5_sensor_device'),('com.withings.wiscale2','https://216.58.213.168/batch','216.58.213.168','ssl.google-analytics.com','AS15169 Google Inc.','d','2016-07-12 20:41:27','av1_data_trans'),('com.withings.wiscale2','https://216.58.213.168/batch','216.58.213.168','ssl.google-analytics.com','AS15169 Google Inc.','d','2016-07-12 08:19:52','av3_mobile_app'),('com.withings.wiscale2','https://216.58.213.168/batch','216.58.213.168','ssl.google-analytics.com','AS15169 Google Inc.','d','2016-07-12 09:26:03','av5_sensor_device'),('com.withings.wiscale2','https://216.58.213.170/log','216.58.213.170','play.googleapis.com','AS15169 Google Inc.','d','2016-07-12 10:06:52','av5_sensor_device'),('com.withings.wiscale2','https://216.58.213.170/play/log?format=raw&proto_v2=true','216.58.213.170','play.googleapis.com','AS15169 Google Inc.','d','2016-07-12 20:41:27','av1_data_trans'),('com.withings.wiscale2','https://216.58.213.170/play/log?format=raw&proto_v2=true','216.58.213.170','play.googleapis.com','AS15169 Google Inc.','d','2016-07-12 09:26:03','av5_sensor_device'),('com.withings.wiscale2','https://216.58.213.174/auth','216.58.213.174','android.clients.google.com','AS15169 Google Inc.','d','2016-07-12 10:06:52','av5_sensor_device'),('com.withings.wiscale2','https://216.58.213.174/fdfe/bulkDetails?au=1','216.58.213.174','android.clients.google.com','AS15169 Google Inc.','d','2016-07-12 09:26:03','av5_sensor_device'),('com.withings.wiscale2','https://216.58.213.174/fdfe/replicateLibrary','216.58.213.174','android.clients.google.com','AS15169 Google Inc.','d','2016-07-12 09:26:03','av5_sensor_device'),('com.withings.wiscale2','https://216.58.213.174/fdfe/selfUpdate','216.58.213.174','android.clients.google.com','AS15169 Google Inc.','d','2016-07-12 09:26:03','av5_sensor_device'),('com.withings.wiscale2','https://216.58.213.174/fdfe/toc','216.58.213.174','android.clients.google.com','AS15169 Google Inc.','d','2016-07-12 09:26:03','av5_sensor_device'),('com.withings.wiscale2','https://216.58.213.174/r/collect?v=1&_v=j44&a=668440322&t=pageview&_s=1&dl=https%3A%2F%2Fwithings.zendesk.com%2Fhc%2Fen-us%2Fcategories%2F200118117&ul=en-gb&de=UTF-8&dt=Wireless%20Scale%20(WS-30)%20%E','216.58.213.174','www.google-analytics.com','AS15169 Google Inc.','d','2016-07-12 10:06:52','av5_sensor_device'),('com.withings.wiscale2','https://216.58.213.68/m/voice-search/fallback','216.58.213.68',NULL,'AS15169 Google Inc.','d','2016-07-14 14:51:01','av3_mobile_app'),('com.withings.wiscale2','https://216.58.213.78/a','216.58.213.78','app-measurement.com','AS15169 Google Inc.','d','2016-07-12 16:54:00','av3_mobile_app'),('com.withings.wiscale2','https://216.58.213.78/auth','216.58.213.78','android.clients.google.com','AS15169 Google Inc.','d','2016-07-14 14:51:01','av3_mobile_app'),('com.withings.wiscale2','https://216.58.213.78/config/app/139837228134?app_instance_id=14aaf5b7f18932dce27850f30007e30e&platform=android&gmp_version=9256','216.58.213.78','app-measurement.com','AS15169 Google Inc.','d','2016-07-12 16:54:00','av3_mobile_app'),('com.withings.wiscale2','https://216.58.213.78/feeds/default/private/full/document%3A0B2XxLnn9ORNnQlpFanFYcEdIZjg?showdeleted=true&showroot=true','216.58.213.78',NULL,'AS15169 Google Inc.','d','2016-07-14 14:51:01','av3_mobile_app'),('com.withings.wiscale2','https://216.58.214.10/experimentsandconfigs/v1/getExperimentsAndConfigs?key=AIzaSyAP-gfH3qvi6vgHZbSYwQ_XHqV_mXHhzIk','216.58.214.10','www.googleapis.com','AS15169 Google Inc.','d','2016-07-12 09:26:03','av5_sensor_device'),('com.withings.wiscale2','https://216.58.214.10/play/log?format=raw&proto_v2=true','216.58.214.10','play.googleapis.com','AS15169 Google Inc.','d','2016-07-12 09:26:03','av5_sensor_device'),('com.withings.wiscale2','https://216.58.214.8/batch','216.58.214.8','ssl.google-analytics.com','AS15169 Google Inc.','d','2016-07-11 19:49:01','av3_mobile_app'),('com.withings.wiscale2','https://46.105.202.21/content/releasenotes/app/android_healthmate/2.16/en/index.html','46.105.202.21','static.withings.com','AS16276 OVH SAS','d','2016-07-11 19:49:01','av3_mobile_app'),('com.withings.wiscale2','https://50.19.219.120/spi/v2/events','50.19.219.120','e.crashlytics.com','AS14618 Amazon.com, Inc.','d','2016-07-14 14:51:01','av3_mobile_app'),('com.withings.wiscale2','https://54.221.254.21/spi/v2/events','54.221.254.21','e.crashlytics.com','AS14618 Amazon.com, Inc.','d','2016-07-12 10:06:52','av5_sensor_device'),('com.withings.wiscale2','https://54.243.149.90/spi/v2/platforms/android/apps/com.withings.wiscale2/settings?icon_hash=7d7af0b3e47feebed0c5e7f3de08782fc3417e4c&display_version=2.16&source=1&instance=b2b7e680801595a831f2ff67064','54.243.149.90','settings.crashlytics.com','AS14618 Amazon.com, Inc.','d','2016-07-08 10:42:42','av1_data_trans'),('com.withings.wiscale2','https://54.243.69.54/spi/v2/events','54.243.69.54','e.crashlytics.com','AS14618 Amazon.com, Inc.','d','2016-07-12 09:26:03','av5_sensor_device'),('com.withings.wiscale2','https://64.233.167.95/css?family=Roboto:400,300,500','64.233.167.95','fonts.googleapis.com','AS15169 Google Inc.','d','2016-07-12 09:26:03','av5_sensor_device'),('com.withings.wiscale2','https://89.30.121.150/cgi-bin/account?action=create&branding=1&idaclpfl=2&sessionid=3734-f2af035c-db8b7a33&email=inf.withings%40gmail.com&password=7fc56270e7a70fa81a5935b72eacbe29&preflang=en_GB&appli','89.30.121.150','scalews.withings.net','AS31216 BSO Network Solutions SAS','d','2016-07-11 19:49:01','av3_mobile_app'),('com.withings.wiscale2','https://89.30.121.150/cgi-bin/account?action=get&applitype=20&sessionid=2093-e75ca492-3bbcfe61&appliver=2160013&apppfm=android&appname=wiscaleNG&callctx=foreground','89.30.121.150','scalews.withings.net','AS31216 BSO Network Solutions SAS','d','2016-07-12 08:19:52','av3_mobile_app'),('com.withings.wiscale2','https://89.30.121.150/cgi-bin/account?action=get&applitype=20&sessionid=2461-eeb81e3b-1e3427e1&appliver=2160013&apppfm=android&appname=wiscaleNG&callctx=foreground','89.30.121.150','scalews.withings.net','AS31216 BSO Network Solutions SAS','d','2016-07-12 08:19:52','av3_mobile_app'),('com.withings.wiscale2','https://89.30.121.150/cgi-bin/account?action=get&applitype=20&sessionid=3892-e2424744-4a478c13&appliver=2160013&apppfm=android&appname=wiscaleNG&callctx=foreground','89.30.121.150','scalews.withings.net','AS31216 BSO Network Solutions SAS','d','2016-07-08 10:42:42','av1_data_trans'),('com.withings.wiscale2','https://89.30.121.150/cgi-bin/account?action=get&applitype=20&sessionid=8398-ebfae910-6b510489&appliver=2160013&apppfm=android&appname=wiscaleNG&callctx=foreground','89.30.121.150','scalews.withings.net','AS31216 BSO Network Solutions SAS','d','2016-07-12 08:19:52','av3_mobile_app'),('com.withings.wiscale2','https://89.30.121.150/cgi-bin/account?action=getuserslist&listmask=7&recurse_use=1&recurse_devtype=1&sessionid=1212-45d78475-7e13708b&appliver=2160013&apppfm=android&appname=wiscaleNG&callctx=foregrou','89.30.121.150','scalews.withings.net','AS31216 BSO Network Solutions SAS','d','2016-07-14 14:51:01','av3_mobile_app'),('com.withings.wiscale2','https://89.30.121.150/cgi-bin/account?action=getuserslist&listmask=7&recurse_use=1&recurse_devtype=1&sessionid=2093-e75ca492-3bbcfe61&appliver=2160013&apppfm=android&appname=wiscaleNG&callctx=foregrou','89.30.121.150','scalews.withings.net','AS31216 BSO Network Solutions SAS','d','2016-07-12 08:19:52','av3_mobile_app'),('com.withings.wiscale2','https://89.30.121.150/cgi-bin/account?action=getuserslist&listmask=7&recurse_use=1&recurse_devtype=1&sessionid=2461-eeb81e3b-1e3427e1&appliver=2160013&apppfm=android&appname=wiscaleNG&callctx=foregrou','89.30.121.150','scalews.withings.net','AS31216 BSO Network Solutions SAS','d','2016-07-12 08:19:52','av3_mobile_app'),('com.withings.wiscale2','https://89.30.121.150/cgi-bin/account?action=getuserslist&listmask=7&recurse_use=1&recurse_devtype=1&sessionid=3275-f7a53363-1b18557f&appliver=2160013&apppfm=android&appname=wiscaleNG&callctx=foregrou','89.30.121.150','scalews.withings.net','AS31216 BSO Network Solutions SAS','d','2016-07-12 09:26:03','av5_sensor_device'),('com.withings.wiscale2','https://89.30.121.150/cgi-bin/account?action=getuserslist&listmask=7&recurse_use=1&recurse_devtype=1&sessionid=3892-e2424744-4a478c13&appliver=2160013&apppfm=android&appname=wiscaleNG&callctx=foregrou','89.30.121.150','scalews.withings.net','AS31216 BSO Network Solutions SAS','d','2016-07-08 10:42:42','av1_data_trans'),('com.withings.wiscale2','https://89.30.121.150/cgi-bin/account?action=getuserslist&listmask=7&recurse_use=1&recurse_devtype=1&sessionid=4399-eb12dabe-8f2e642f&appliver=2160013&apppfm=android&appname=wiscaleNG&callctx=foregrou','89.30.121.150','scalews.withings.net','AS31216 BSO Network Solutions SAS','d','2016-07-12 09:26:03','av5_sensor_device'),('com.withings.wiscale2','https://89.30.121.150/cgi-bin/account?action=getuserslist&listmask=7&recurse_use=1&recurse_devtype=1&sessionid=4417-9999a6f4-ac13fd79&appliver=2160013&apppfm=android&appname=wiscaleNG&callctx=foregrou','89.30.121.150','scalews.withings.net','AS31216 BSO Network Solutions SAS','d','2016-07-13 14:40:55','av2_mobile_device'),('com.withings.wiscale2','https://89.30.121.150/cgi-bin/account?action=getuserslist&listmask=7&recurse_use=1&recurse_devtype=1&sessionid=7649-7bea10b7-4929b376&appliver=2160013&apppfm=android&appname=wiscaleNG&callctx=foregrou','89.30.121.150','scalews.withings.net','AS31216 BSO Network Solutions SAS','d','2016-07-12 16:54:00','av3_mobile_app'),('com.withings.wiscale2','https://89.30.121.150/cgi-bin/account?action=getuserslist&listmask=7&recurse_use=1&recurse_devtype=1&sessionid=8149-95c7c507-4ec3c708&appliver=2160013&apppfm=android&appname=wiscaleNG&callctx=foregrou','89.30.121.150','scalews.withings.net','AS31216 BSO Network Solutions SAS','d','2016-07-12 10:06:52','av5_sensor_device'),('com.withings.wiscale2','https://89.30.121.150/cgi-bin/account?action=getuserslist&listmask=7&recurse_use=1&recurse_devtype=1&sessionid=8398-ebfae910-6b510489&appliver=2160013&apppfm=android&appname=wiscaleNG&callctx=foregrou','89.30.121.150','scalews.withings.net','AS31216 BSO Network Solutions SAS','d','2016-07-12 08:19:52','av3_mobile_app'),('com.withings.wiscale2','https://89.30.121.150/cgi-bin/association?action=getbyaccountid&enrich=t&sessionid=1212-45d78475-7e13708b&appliver=2160013&apppfm=android&appname=wiscaleNG&callctx=foreground','89.30.121.150','scalews.withings.net','AS31216 BSO Network Solutions SAS','d','2016-07-14 14:51:01','av3_mobile_app'),('com.withings.wiscale2','https://89.30.121.150/cgi-bin/association?action=getbyaccountid&enrich=t&sessionid=2093-e75ca492-3bbcfe61&appliver=2160013&apppfm=android&appname=wiscaleNG&callctx=foreground','89.30.121.150','scalews.withings.net','AS31216 BSO Network Solutions SAS','d','2016-07-12 08:19:52','av3_mobile_app'),('com.withings.wiscale2','https://89.30.121.150/cgi-bin/association?action=getbyaccountid&enrich=t&sessionid=2461-eeb81e3b-1e3427e1&appliver=2160013&apppfm=android&appname=wiscaleNG&callctx=foreground','89.30.121.150','scalews.withings.net','AS31216 BSO Network Solutions SAS','d','2016-07-12 08:19:52','av3_mobile_app'),('com.withings.wiscale2','https://89.30.121.150/cgi-bin/association?action=getbyaccountid&enrich=t&sessionid=3275-f7a53363-1b18557f&appliver=2160013&apppfm=android&appname=wiscaleNG&callctx=foreground','89.30.121.150','scalews.withings.net','AS31216 BSO Network Solutions SAS','d','2016-07-12 09:26:03','av5_sensor_device'),('com.withings.wiscale2','https://89.30.121.150/cgi-bin/association?action=getbyaccountid&enrich=t&sessionid=3892-e2424744-4a478c13&appliver=2160013&apppfm=android&appname=wiscaleNG&callctx=foreground','89.30.121.150','scalews.withings.net','AS31216 BSO Network Solutions SAS','d','2016-07-08 10:42:42','av1_data_trans'),('com.withings.wiscale2','https://89.30.121.150/cgi-bin/association?action=getbyaccountid&enrich=t&sessionid=4399-eb12dabe-8f2e642f&appliver=2160013&apppfm=android&appname=wiscaleNG&callctx=foreground','89.30.121.150','scalews.withings.net','AS31216 BSO Network Solutions SAS','d','2016-07-12 09:26:03','av5_sensor_device'),('com.withings.wiscale2','https://89.30.121.150/cgi-bin/association?action=getbyaccountid&enrich=t&sessionid=4417-9999a6f4-ac13fd79&appliver=2160013&apppfm=android&appname=wiscaleNG&callctx=foreground','89.30.121.150','scalews.withings.net','AS31216 BSO Network Solutions SAS','d','2016-07-13 14:40:55','av2_mobile_device'),('com.withings.wiscale2','https://89.30.121.150/cgi-bin/association?action=getbyaccountid&enrich=t&sessionid=7649-7bea10b7-4929b376&appliver=2160013&apppfm=android&appname=wiscaleNG&callctx=foreground','89.30.121.150','scalews.withings.net','AS31216 BSO Network Solutions SAS','d','2016-07-12 16:54:00','av3_mobile_app'),('com.withings.wiscale2','https://89.30.121.150/cgi-bin/association?action=getbyaccountid&enrich=t&sessionid=8149-95c7c507-4ec3c708&appliver=2160013&apppfm=android&appname=wiscaleNG&callctx=foreground','89.30.121.150','scalews.withings.net','AS31216 BSO Network Solutions SAS','d','2016-07-12 10:06:52','av5_sensor_device'),('com.withings.wiscale2','https://89.30.121.150/cgi-bin/association?action=getbyaccountid&enrich=t&sessionid=8398-ebfae910-6b510489&appliver=2160013&apppfm=android&appname=wiscaleNG&callctx=foreground','89.30.121.150','scalews.withings.net','AS31216 BSO Network Solutions SAS','d','2016-07-12 08:19:52','av3_mobile_app'),('com.withings.wiscale2','https://89.30.121.150/cgi-bin/association?action=getbyaccountid&enrich=t&sessionid=9698-1cd41d85-85ad9f5d&appliver=2160013&apppfm=android&appname=wiscaleNG&callctx=foreground','89.30.121.150','scalews.withings.net','AS31216 BSO Network Solutions SAS','d','2016-07-11 19:49:01','av3_mobile_app'),('com.withings.wiscale2','https://89.30.121.150/cgi-bin/auth?action=login&appliver=2160013&apppfm=android&appname=wiscaleNG&callctx=foreground','89.30.121.150','scalews.withings.net','AS31216 BSO Network Solutions SAS','d','2016-07-12 20:41:27','av1_data_trans'),('com.withings.wiscale2','https://89.30.121.150/cgi-bin/auth?action=login&appliver=2160013&apppfm=android&appname=wiscaleNG&callctx=foreground','89.30.121.150','scalews.withings.net','AS31216 BSO Network Solutions SAS','d','2016-07-14 14:51:01','av3_mobile_app'),('com.withings.wiscale2','https://89.30.121.150/cgi-bin/auth?action=login&appliver=2160013&apppfm=android&appname=wiscaleNG&callctx=foreground','89.30.121.150','scalews.withings.net','AS31216 BSO Network Solutions SAS','d','2016-07-12 10:06:52','av5_sensor_device'),('com.withings.wiscale2','https://89.30.121.150/cgi-bin/device?action=update&deviceid=2381467&network=1&sessionid=4399-eb12dabe-8f2e642f&appliver=2160013&apppfm=android&appname=wiscaleNG&callctx=foreground','89.30.121.150','scalews.withings.net','AS31216 BSO Network Solutions SAS','d','2016-07-12 09:26:03','av5_sensor_device'),('com.withings.wiscale2','https://89.30.121.150/cgi-bin/device?action=update&deviceid=2381467&network=1&sessionid=8149-95c7c507-4ec3c708&appliver=2160013&apppfm=android&appname=wiscaleNG&callctx=foreground','89.30.121.150','scalews.withings.net','AS31216 BSO Network Solutions SAS','d','2016-07-12 10:06:52','av5_sensor_device'),('com.withings.wiscale2','https://89.30.121.150/cgi-bin/device?action=update&deviceid=2381467&network=2&sessionid=4399-eb12dabe-8f2e642f&appliver=2160013&apppfm=android&appname=wiscaleNG&callctx=foreground','89.30.121.150','scalews.withings.net','AS31216 BSO Network Solutions SAS','d','2016-07-12 09:26:03','av5_sensor_device'),('com.withings.wiscale2','https://89.30.121.150/cgi-bin/device?action=update&deviceid=2381467&network=2&sessionid=9698-1cd41d85-85ad9f5d&appliver=2160013&apppfm=android&appname=wiscaleNG&callctx=foreground','89.30.121.150','scalews.withings.net','AS31216 BSO Network Solutions SAS','d','2016-07-11 19:49:01','av3_mobile_app'),('com.withings.wiscale2','https://89.30.121.150/cgi-bin/maint?action=store&source=4&deviceid=2381467&type=2&sessionid=3275-f7a53363-1b18557f&appliver=2160013&apppfm=android&appname=wiscaleNG&callctx=foreground','89.30.121.150','maintws.withings.net','AS31216 BSO Network Solutions SAS','d','2016-07-12 09:26:03','av5_sensor_device'),('com.withings.wiscale2','https://89.30.121.150/cgi-bin/maint?action=store&source=4&deviceid=2381467&type=2&sessionid=4399-eb12dabe-8f2e642f&appliver=2160013&apppfm=android&appname=wiscaleNG&callctx=foreground','89.30.121.150','maintws.withings.net','AS31216 BSO Network Solutions SAS','d','2016-07-12 09:26:03','av5_sensor_device'),('com.withings.wiscale2','https://89.30.121.150/cgi-bin/maint?action=store&source=4&deviceid=2381467&type=2&sessionid=8149-95c7c507-4ec3c708&appliver=2160013&apppfm=android&appname=wiscaleNG&callctx=foreground','89.30.121.150','maintws.withings.net','AS31216 BSO Network Solutions SAS','d','2016-07-12 10:06:52','av5_sensor_device'),('com.withings.wiscale2','https://89.30.121.150/cgi-bin/measure?action=getmeas&category=1&userid=10676260&lastupdate=0&limit=0&offset=0&sessionid=3892-e2424744-4a478c13&appliver=2160013&apppfm=android&appname=wiscaleNG&callctx','89.30.121.150','scalews.withings.net','AS31216 BSO Network Solutions SAS','d','2016-07-08 10:42:42','av1_data_trans'),('com.withings.wiscale2','https://89.30.121.150/cgi-bin/measure?action=getmeas&category=1&userid=10676262&lastupdate=0&limit=2000&offset=0&sessionid=3892-e2424744-4a478c13&appliver=2160013&apppfm=android&appname=wiscaleNG&call','89.30.121.150','scalews.withings.net','AS31216 BSO Network Solutions SAS','d','2016-07-08 10:42:42','av1_data_trans'),('com.withings.wiscale2','https://89.30.121.150/cgi-bin/measure?action=getmeas&category=1&userid=10787541&lastupdate=0&limit=0&offset=0&sessionid=1212-45d78475-7e13708b&appliver=2160013&apppfm=android&appname=wiscaleNG&callctx','89.30.121.150','scalews.withings.net','AS31216 BSO Network Solutions SAS','d','2016-07-14 14:51:01','av3_mobile_app'),('com.withings.wiscale2','https://89.30.121.150/cgi-bin/measure?action=getmeas&category=1&userid=10787541&lastupdate=0&limit=0&offset=0&sessionid=2093-e75ca492-3bbcfe61&appliver=2160013&apppfm=android&appname=wiscaleNG&callctx','89.30.121.150','scalews.withings.net','AS31216 BSO Network Solutions SAS','d','2016-07-12 08:19:52','av3_mobile_app'),('com.withings.wiscale2','https://89.30.121.150/cgi-bin/measure?action=getmeas&category=1&userid=10787541&lastupdate=0&limit=0&offset=0&sessionid=2461-eeb81e3b-1e3427e1&appliver=2160013&apppfm=android&appname=wiscaleNG&callctx','89.30.121.150','scalews.withings.net','AS31216 BSO Network Solutions SAS','d','2016-07-12 08:19:52','av3_mobile_app'),('com.withings.wiscale2','https://89.30.121.150/cgi-bin/measure?action=getmeas&category=1&userid=10787541&lastupdate=0&limit=0&offset=0&sessionid=3275-f7a53363-1b18557f&appliver=2160013&apppfm=android&appname=wiscaleNG&callctx','89.30.121.150','scalews.withings.net','AS31216 BSO Network Solutions SAS','d','2016-07-12 09:26:03','av5_sensor_device'),('com.withings.wiscale2','https://89.30.121.150/cgi-bin/measure?action=getmeas&category=1&userid=10787541&lastupdate=0&limit=0&offset=0&sessionid=4399-eb12dabe-8f2e642f&appliver=2160013&apppfm=android&appname=wiscaleNG&callctx','89.30.121.150','scalews.withings.net','AS31216 BSO Network Solutions SAS','d','2016-07-12 09:26:03','av5_sensor_device'),('com.withings.wiscale2','https://89.30.121.150/cgi-bin/measure?action=getmeas&category=1&userid=10787541&lastupdate=0&limit=0&offset=0&sessionid=4417-9999a6f4-ac13fd79&appliver=2160013&apppfm=android&appname=wiscaleNG&callctx','89.30.121.150','scalews.withings.net','AS31216 BSO Network Solutions SAS','d','2016-07-13 14:40:55','av2_mobile_device'),('com.withings.wiscale2','https://89.30.121.150/cgi-bin/measure?action=getmeas&category=1&userid=10787541&lastupdate=0&limit=0&offset=0&sessionid=7649-7bea10b7-4929b376&appliver=2160013&apppfm=android&appname=wiscaleNG&callctx','89.30.121.150','scalews.withings.net','AS31216 BSO Network Solutions SAS','d','2016-07-12 16:54:00','av3_mobile_app'),('com.withings.wiscale2','https://89.30.121.150/cgi-bin/measure?action=getmeas&category=1&userid=10787541&lastupdate=0&limit=0&offset=0&sessionid=8149-95c7c507-4ec3c708&appliver=2160013&apppfm=android&appname=wiscaleNG&callctx','89.30.121.150','scalews.withings.net','AS31216 BSO Network Solutions SAS','d','2016-07-12 10:06:52','av5_sensor_device'),('com.withings.wiscale2','https://89.30.121.150/cgi-bin/measure?action=getmeas&category=1&userid=10787541&lastupdate=0&limit=0&offset=0&sessionid=8398-ebfae910-6b510489&appliver=2160013&apppfm=android&appname=wiscaleNG&callctx','89.30.121.150','scalews.withings.net','AS31216 BSO Network Solutions SAS','d','2016-07-12 08:19:52','av3_mobile_app'),('com.withings.wiscale2','https://89.30.121.150/cgi-bin/measure?action=getmeas&category=1&userid=10787577&lastupdate=0&limit=2000&offset=0&sessionid=2093-e75ca492-3bbcfe61&appliver=2160013&apppfm=android&appname=wiscaleNG&call','89.30.121.150','scalews.withings.net','AS31216 BSO Network Solutions SAS','d','2016-07-12 08:19:52','av3_mobile_app'),('com.withings.wiscale2','https://89.30.121.150/cgi-bin/measure?action=getmeas&category=1&userid=10787577&lastupdate=0&limit=2000&offset=0&sessionid=2461-eeb81e3b-1e3427e1&appliver=2160013&apppfm=android&appname=wiscaleNG&call','89.30.121.150','scalews.withings.net','AS31216 BSO Network Solutions SAS','d','2016-07-12 08:19:52','av3_mobile_app'),('com.withings.wiscale2','https://89.30.121.150/cgi-bin/measure?action=getmeas&category=1&userid=10787577&lastupdate=0&limit=2000&offset=0&sessionid=8398-ebfae910-6b510489&appliver=2160013&apppfm=android&appname=wiscaleNG&call','89.30.121.150','scalews.withings.net','AS31216 BSO Network Solutions SAS','d','2016-07-12 08:19:52','av3_mobile_app'),('com.withings.wiscale2','https://89.30.121.150/cgi-bin/measure?action=getmeas&category=1&userid=10787577&lastupdate=0&limit=2000&offset=0&sessionid=9698-1cd41d85-85ad9f5d&appliver=2160013&apppfm=android&appname=wiscaleNG&call','89.30.121.150','scalews.withings.net','AS31216 BSO Network Solutions SAS','d','2016-07-11 19:49:01','av3_mobile_app'),('com.withings.wiscale2','https://89.30.121.150/cgi-bin/measure?action=getmeas&category=1&userid=10787577&lastupdate=1468266893&limit=2000&offset=0&sessionid=3275-f7a53363-1b18557f&appliver=2160013&apppfm=android&appname=wisca','89.30.121.150','scalews.withings.net','AS31216 BSO Network Solutions SAS','d','2016-07-12 09:26:03','av5_sensor_device'),('com.withings.wiscale2','https://89.30.121.150/cgi-bin/measure?action=getmeas&category=1&userid=10787577&lastupdate=1468266893&limit=2000&offset=0&sessionid=4399-eb12dabe-8f2e642f&appliver=2160013&apppfm=android&appname=wisca','89.30.121.150','scalews.withings.net','AS31216 BSO Network Solutions SAS','d','2016-07-12 09:26:03','av5_sensor_device'),('com.withings.wiscale2','https://89.30.121.150/cgi-bin/measure?action=getmeas&category=1&userid=10787577&lastupdate=1468266893&limit=2000&offset=0&sessionid=8149-95c7c507-4ec3c708&appliver=2160013&apppfm=android&appname=wisca','89.30.121.150','scalews.withings.net','AS31216 BSO Network Solutions SAS','d','2016-07-12 10:06:52','av5_sensor_device'),('com.withings.wiscale2','https://89.30.121.150/cgi-bin/measure?action=getmeas&category=1&userid=10787577&lastupdate=1468318199&limit=2000&offset=0&sessionid=8149-95c7c507-4ec3c708&appliver=2160013&apppfm=android&appname=wisca','89.30.121.150','scalews.withings.net','AS31216 BSO Network Solutions SAS','d','2016-07-12 10:06:52','av5_sensor_device'),('com.withings.wiscale2','https://89.30.121.150/cgi-bin/measure?action=getmeas&category=1&userid=10787577&lastupdate=1468318504&limit=2000&offset=0&sessionid=8149-95c7c507-4ec3c708&appliver=2160013&apppfm=android&appname=wisca','89.30.121.150','scalews.withings.net','AS31216 BSO Network Solutions SAS','d','2016-07-12 10:06:52','av5_sensor_device'),('com.withings.wiscale2','https://89.30.121.150/cgi-bin/measure?action=getmeas&category=1&userid=10787577&lastupdate=1468318662&limit=2000&offset=0&sessionid=8149-95c7c507-4ec3c708&appliver=2160013&apppfm=android&appname=wisca','89.30.121.150','scalews.withings.net','AS31216 BSO Network Solutions SAS','d','2016-07-12 10:06:52','av5_sensor_device'),('com.withings.wiscale2','https://89.30.121.150/cgi-bin/measure?action=getmeas&category=1&userid=10787577&lastupdate=1468318663&limit=2000&offset=0&sessionid=8149-95c7c507-4ec3c708&appliver=2160013&apppfm=android&appname=wisca','89.30.121.150','scalews.withings.net','AS31216 BSO Network Solutions SAS','d','2016-07-12 10:06:52','av5_sensor_device'),('com.withings.wiscale2','https://89.30.121.150/cgi-bin/measure?action=getmeas&category=1&userid=10787577&lastupdate=1468342521&limit=2000&offset=0&sessionid=5704-809c4570-4e814ae1&appliver=2160013&apppfm=android&appname=wisca','89.30.121.150','scalews.withings.net','AS31216 BSO Network Solutions SAS','d','2016-07-12 20:41:27','av1_data_trans'),('com.withings.wiscale2','https://89.30.121.150/cgi-bin/measure?action=getmeas&category=1&userid=10787577&lastupdate=1468342521&limit=2000&offset=0&sessionid=7649-7bea10b7-4929b376&appliver=2160013&apppfm=android&appname=wisca','89.30.121.150','scalews.withings.net','AS31216 BSO Network Solutions SAS','d','2016-07-12 16:54:00','av3_mobile_app'),('com.withings.wiscale2','https://89.30.121.150/cgi-bin/measure?action=getmeas&category=1&userid=10787577&lastupdate=1468357187&limit=2000&offset=0&sessionid=1212-45d78475-7e13708b&appliver=2160013&apppfm=android&appname=wisca','89.30.121.150','scalews.withings.net','AS31216 BSO Network Solutions SAS','d','2016-07-14 14:51:01','av3_mobile_app'),('com.withings.wiscale2','https://89.30.121.150/cgi-bin/measure?action=getmeas&category=1&userid=10787577&lastupdate=1468357187&limit=2000&offset=0&sessionid=4417-9999a6f4-ac13fd79&appliver=2160013&apppfm=android&appname=wisca','89.30.121.150','scalews.withings.net','AS31216 BSO Network Solutions SAS','d','2016-07-13 14:40:55','av2_mobile_device'),('com.withings.wiscale2','https://89.30.121.150/cgi-bin/measure?action=getmeas&category=1&userid=10791782&lastupdate=0&limit=2000&offset=0&sessionid=8149-95c7c507-4ec3c708&appliver=2160013&apppfm=android&appname=wiscaleNG&call','89.30.121.150','scalews.withings.net','AS31216 BSO Network Solutions SAS','d','2016-07-12 10:06:52','av5_sensor_device'),('com.withings.wiscale2','https://89.30.121.150/cgi-bin/measure?action=getmeas&category=1&userid=10791782&lastupdate=1468318454&limit=2000&offset=0&sessionid=7649-7bea10b7-4929b376&appliver=2160013&apppfm=android&appname=wisca','89.30.121.150','scalews.withings.net','AS31216 BSO Network Solutions SAS','d','2016-07-12 16:54:00','av3_mobile_app'),('com.withings.wiscale2','https://89.30.121.150/cgi-bin/measure?action=getmeas&category=1&userid=10791782&lastupdate=1468318454&limit=2000&offset=0&sessionid=8149-95c7c507-4ec3c708&appliver=2160013&apppfm=android&appname=wisca','89.30.121.150','scalews.withings.net','AS31216 BSO Network Solutions SAS','d','2016-07-12 10:06:52','av5_sensor_device'),('com.withings.wiscale2','https://89.30.121.150/cgi-bin/measure?action=getmeas&category=1&userid=10791782&lastupdate=1468358824&limit=2000&offset=0&sessionid=1212-45d78475-7e13708b&appliver=2160013&apppfm=android&appname=wisca','89.30.121.150','scalews.withings.net','AS31216 BSO Network Solutions SAS','d','2016-07-14 14:51:01','av3_mobile_app'),('com.withings.wiscale2','https://89.30.121.150/cgi-bin/measure?action=getmeas&category=1&userid=10791782&lastupdate=1468358824&limit=2000&offset=0&sessionid=4417-9999a6f4-ac13fd79&appliver=2160013&apppfm=android&appname=wisca','89.30.121.150','scalews.withings.net','AS31216 BSO Network Solutions SAS','d','2016-07-13 14:40:55','av2_mobile_device'),('com.withings.wiscale2','https://89.30.121.150/cgi-bin/measure?action=getmeas&category=2&userid=10676262&lastupdate=0&limit=2000&offset=0&sessionid=3892-e2424744-4a478c13&appliver=2160013&apppfm=android&appname=wiscaleNG&call','89.30.121.150','scalews.withings.net','AS31216 BSO Network Solutions SAS','d','2016-07-08 10:42:42','av1_data_trans'),('com.withings.wiscale2','https://89.30.121.150/cgi-bin/measure?action=getmeas&category=2&userid=10787577&lastupdate=0&limit=2000&offset=0&sessionid=1212-45d78475-7e13708b&appliver=2160013&apppfm=android&appname=wiscaleNG&call','89.30.121.150','scalews.withings.net','AS31216 BSO Network Solutions SAS','d','2016-07-14 14:51:01','av3_mobile_app'),('com.withings.wiscale2','https://89.30.121.150/cgi-bin/measure?action=getmeas&category=2&userid=10787577&lastupdate=0&limit=2000&offset=0&sessionid=2093-e75ca492-3bbcfe61&appliver=2160013&apppfm=android&appname=wiscaleNG&call','89.30.121.150','scalews.withings.net','AS31216 BSO Network Solutions SAS','d','2016-07-12 08:19:52','av3_mobile_app'),('com.withings.wiscale2','https://89.30.121.150/cgi-bin/measure?action=getmeas&category=2&userid=10787577&lastupdate=0&limit=2000&offset=0&sessionid=2461-eeb81e3b-1e3427e1&appliver=2160013&apppfm=android&appname=wiscaleNG&call','89.30.121.150','scalews.withings.net','AS31216 BSO Network Solutions SAS','d','2016-07-12 08:19:52','av3_mobile_app'),('com.withings.wiscale2','https://89.30.121.150/cgi-bin/measure?action=getmeas&category=2&userid=10787577&lastupdate=0&limit=2000&offset=0&sessionid=3275-f7a53363-1b18557f&appliver=2160013&apppfm=android&appname=wiscaleNG&call','89.30.121.150','scalews.withings.net','AS31216 BSO Network Solutions SAS','d','2016-07-12 09:26:03','av5_sensor_device'),('com.withings.wiscale2','https://89.30.121.150/cgi-bin/measure?action=getmeas&category=2&userid=10787577&lastupdate=0&limit=2000&offset=0&sessionid=4399-eb12dabe-8f2e642f&appliver=2160013&apppfm=android&appname=wiscaleNG&call','89.30.121.150','scalews.withings.net','AS31216 BSO Network Solutions SAS','d','2016-07-12 09:26:03','av5_sensor_device'),('com.withings.wiscale2','https://89.30.121.150/cgi-bin/measure?action=getmeas&category=2&userid=10787577&lastupdate=0&limit=2000&offset=0&sessionid=4417-9999a6f4-ac13fd79&appliver=2160013&apppfm=android&appname=wiscaleNG&call','89.30.121.150','scalews.withings.net','AS31216 BSO Network Solutions SAS','d','2016-07-13 14:40:55','av2_mobile_device'),('com.withings.wiscale2','https://89.30.121.150/cgi-bin/measure?action=getmeas&category=2&userid=10787577&lastupdate=0&limit=2000&offset=0&sessionid=7649-7bea10b7-4929b376&appliver=2160013&apppfm=android&appname=wiscaleNG&call','89.30.121.150','scalews.withings.net','AS31216 BSO Network Solutions SAS','d','2016-07-12 16:54:00','av3_mobile_app'),('com.withings.wiscale2','https://89.30.121.150/cgi-bin/measure?action=getmeas&category=2&userid=10787577&lastupdate=0&limit=2000&offset=0&sessionid=8149-95c7c507-4ec3c708&appliver=2160013&apppfm=android&appname=wiscaleNG&call','89.30.121.150','scalews.withings.net','AS31216 BSO Network Solutions SAS','d','2016-07-12 10:06:52','av5_sensor_device'),('com.withings.wiscale2','https://89.30.121.150/cgi-bin/measure?action=getmeas&category=2&userid=10787577&lastupdate=0&limit=2000&offset=0&sessionid=8398-ebfae910-6b510489&appliver=2160013&apppfm=android&appname=wiscaleNG&call','89.30.121.150','scalews.withings.net','AS31216 BSO Network Solutions SAS','d','2016-07-12 08:19:52','av3_mobile_app'),('com.withings.wiscale2','https://89.30.121.150/cgi-bin/measure?action=getmeas&category=2&userid=10787577&lastupdate=0&limit=2000&offset=0&sessionid=9698-1cd41d85-85ad9f5d&appliver=2160013&apppfm=android&appname=wiscaleNG&call','89.30.121.150','scalews.withings.net','AS31216 BSO Network Solutions SAS','d','2016-07-11 19:49:01','av3_mobile_app'),('com.withings.wiscale2','https://89.30.121.150/cgi-bin/measure?action=getmeas&category=2&userid=10791782&lastupdate=0&limit=2000&offset=0&sessionid=1212-45d78475-7e13708b&appliver=2160013&apppfm=android&appname=wiscaleNG&call','89.30.121.150','scalews.withings.net','AS31216 BSO Network Solutions SAS','d','2016-07-14 14:51:01','av3_mobile_app'),('com.withings.wiscale2','https://89.30.121.150/cgi-bin/measure?action=getmeas&category=2&userid=10791782&lastupdate=0&limit=2000&offset=0&sessionid=4417-9999a6f4-ac13fd79&appliver=2160013&apppfm=android&appname=wiscaleNG&call','89.30.121.150','scalews.withings.net','AS31216 BSO Network Solutions SAS','d','2016-07-13 14:40:55','av2_mobile_device'),('com.withings.wiscale2','https://89.30.121.150/cgi-bin/measure?action=getmeas&category=2&userid=10791782&lastupdate=0&limit=2000&offset=0&sessionid=7649-7bea10b7-4929b376&appliver=2160013&apppfm=android&appname=wiscaleNG&call','89.30.121.150','scalews.withings.net','AS31216 BSO Network Solutions SAS','d','2016-07-12 16:54:00','av3_mobile_app'),('com.withings.wiscale2','https://89.30.121.150/cgi-bin/measure?action=getmeas&category=2&userid=10791782&lastupdate=0&limit=2000&offset=0&sessionid=8149-95c7c507-4ec3c708&appliver=2160013&apppfm=android&appname=wiscaleNG&call','89.30.121.150','scalews.withings.net','AS31216 BSO Network Solutions SAS','d','2016-07-12 10:06:52','av5_sensor_device'),('com.withings.wiscale2','https://89.30.121.150/cgi-bin/measure?action=store&getcreatedmeasgrps=1&devtype=1&userid=9679880&category=1&meastime=1468314200&attribstatus=0&sessionid=8567-bbb32d22-88664233&appliver=2160013&apppfm=','89.30.121.150','scalews.withings.net','AS31216 BSO Network Solutions SAS','d','2016-07-12 09:26:03','av5_sensor_device'),('com.withings.wiscale2','https://89.30.121.150/cgi-bin/measure?action=store&getcreatedmeasgrps=1&devtype=1&userid=9679880&category=1&meastime=1468315907&attribstatus=0&sessionid=8567-bbb32d22-88664233&appliver=2160013&apppfm=','89.30.121.150','scalews.withings.net','AS31216 BSO Network Solutions SAS','d','2016-07-12 09:26:03','av5_sensor_device'),('com.withings.wiscale2','https://89.30.121.150/cgi-bin/measure?action=store&getcreatedmeasgrps=1&devtype=1&userid=9679880&category=1&meastime=1468316009&attribstatus=0&sessionid=9944-c920b1ca-d36c528f&appliver=2160013&apppfm=','89.30.121.150','scalews.withings.net','AS31216 BSO Network Solutions SAS','d','2016-07-12 09:26:03','av5_sensor_device'),('com.withings.wiscale2','https://89.30.121.150/cgi-bin/measure?action=store&getcreatedmeasgrps=1&devtype=1&userid=9679880&category=1&meastime=1468316147&attribstatus=0&sessionid=4630-eb54d6d4-dfc15885&appliver=2160013&apppfm=','89.30.121.150','scalews.withings.net','AS31216 BSO Network Solutions SAS','d','2016-07-12 09:26:03','av5_sensor_device'),('com.withings.wiscale2','https://89.30.121.150/cgi-bin/once?action=get&appliver=2160013&apppfm=android&appname=wiscaleNG&callctx=foreground','89.30.121.150','scalews.withings.net','AS31216 BSO Network Solutions SAS','d','2016-07-11 19:49:01','av3_mobile_app'),('com.withings.wiscale2','https://89.30.121.150/cgi-bin/once?action=get&appliver=2160013&apppfm=android&appname=wiscaleNG&callctx=foreground','89.30.121.150','scalews.withings.net','AS31216 BSO Network Solutions SAS','d','2016-07-12 10:06:52','av5_sensor_device'),('com.withings.wiscale2','https://89.30.121.150/cgi-bin/push?action=create&secret=nmw&accesstoken=cIBLk3K5-XM%3AAPA91bGzDe_AbDABUesijv40y6IcxX-fbzI_PXccSd6JzSLXATXguaau5l_cH1OcYq16npUqL1Gt8hvopypNRFbTJfM7raTBIbvEHAvtUz0EUJwPN3','89.30.121.150','scalews.withings.net','AS31216 BSO Network Solutions SAS','d','2016-07-12 08:19:52','av3_mobile_app'),('com.withings.wiscale2','https://89.30.121.150/cgi-bin/push?action=create&secret=nmw&accesstoken=fqXZ6tfQS74%3AAPA91bHrbcxXbTeY834zr8VfRL29wWJhZxby_QGLXmHIDH0lt5n1O0JytATtG7zZxc-2p99CaUMtgfNUGjpG0lS17GAEuXNuPengMyraniNBu7yJWs','89.30.121.150','scalews.withings.net','AS31216 BSO Network Solutions SAS','d','2016-07-08 10:42:42','av1_data_trans'),('com.withings.wiscale2','https://89.30.121.150/cgi-bin/scale?action=createuser&parentaccountid=4825865&publickey=586c9e72efa0d703&birthdate=521547241&firstname=Joanna&lastname=Doe&shortname=JOA&gender=1&fatmethod=3&measures=%','89.30.121.150','scalews.withings.net','AS31216 BSO Network Solutions SAS','d','2016-07-12 10:06:52','av5_sensor_device'),('com.withings.wiscale2','https://89.30.121.150/cgi-bin/scale?action=createuser&parentaccountid=4825865&publickey=75c090150f003720&birthdate=-2192411213&firstname=John&lastname=Doe&shortname=JOH&gender=0&fatmethod=3&measures=%','89.30.121.150','scalews.withings.net','AS31216 BSO Network Solutions SAS','d','2016-07-11 19:49:01','av3_mobile_app'),('com.withings.wiscale2','https://89.30.121.150/cgi-bin/session?action=geoip&sessionid=4399-eb12dabe-8f2e642f&appliver=2160013&apppfm=android&appname=wiscaleNG&callctx=foreground','89.30.121.150','scalews.withings.net','AS31216 BSO Network Solutions SAS','d','2016-07-12 09:26:03','av5_sensor_device'),('com.withings.wiscale2','https://89.30.121.150/cgi-bin/session?action=geoip&sessionid=8149-95c7c507-4ec3c708&appliver=2160013&apppfm=android&appname=wiscaleNG&callctx=foreground','89.30.121.150','scalews.withings.net','AS31216 BSO Network Solutions SAS','d','2016-07-12 10:06:52','av5_sensor_device'),('com.withings.wiscale2','https://89.30.121.150/cgi-bin/session?action=geoip&sessionid=9698-1cd41d85-85ad9f5d&appliver=2160013&apppfm=android&appname=wiscaleNG&callctx=foreground','89.30.121.150','scalews.withings.net','AS31216 BSO Network Solutions SAS','d','2016-07-11 19:49:01','av3_mobile_app'),('com.withings.wiscale2','https://89.30.121.150/cgi-bin/session?action=new&auth=wsandusr%40withings.com&hash=b6748f6c9e7ba5bedbd784ab67d5330c&duration=60&appliver=2160013&apppfm=android&appname=wiscaleNG&callctx=foreground','89.30.121.150','scalews.withings.net','AS31216 BSO Network Solutions SAS','d','2016-07-11 19:49:01','av3_mobile_app'),('com.withings.wiscale2','https://89.30.121.150/cgi-bin/session?action=new&enrich=t&auth=00%3A24%3Ae4%3A24%3A8a%3A10&hash=10a1cd9d92985801a57439e57987d391&duration=600&currentfw=881&mfgid=294928&batterylvl=75&appliver=2160013&','89.30.121.150','scalews.withings.net','AS31216 BSO Network Solutions SAS','d','2016-07-11 19:49:01','av3_mobile_app'),('com.withings.wiscale2','https://89.30.121.150/cgi-bin/session?action=new&enrich=t&auth=00%3A24%3Ae4%3A24%3A8a%3A10&hash=2e77e9373db4d0ff4467e5458967fca8&duration=600&currentfw=881&mfgid=294928&batterylvl=71&appliver=2160013&','89.30.121.150','scalews.withings.net','AS31216 BSO Network Solutions SAS','d','2016-07-12 09:26:03','av5_sensor_device'),('com.withings.wiscale2','https://89.30.121.150/cgi-bin/session?action=new&enrich=t&auth=00%3A24%3Ae4%3A24%3A8a%3A10&hash=5618543064e83462d29a7680c54a8c0f&duration=600&currentfw=881&mfgid=294928&batterylvl=71&appliver=2160013&','89.30.121.150','scalews.withings.net','AS31216 BSO Network Solutions SAS','d','2016-07-12 09:26:03','av5_sensor_device'),('com.withings.wiscale2','https://89.30.121.150/cgi-bin/session?action=new&enrich=t&auth=00%3A24%3Ae4%3A24%3A8a%3A10&hash=b07f808b34a87f9305e461db33641bef&duration=600&currentfw=881&mfgid=294928&batterylvl=70&appliver=2160013&','89.30.121.150','scalews.withings.net','AS31216 BSO Network Solutions SAS','d','2016-07-12 09:26:03','av5_sensor_device'),('com.withings.wiscale2','https://89.30.121.150/cgi-bin/session?action=new&enrich=t&auth=00%3A24%3Ae4%3A24%3A8a%3A10&hash=be4973274ea4c2f4887a087ead6909a7&duration=600&currentfw=881&mfgid=294928&appliver=2160013&apppfm=android','89.30.121.150','scalews.withings.net','AS31216 BSO Network Solutions SAS','d','2016-07-11 19:49:01','av3_mobile_app'),('com.withings.wiscale2','https://89.30.121.150/cgi-bin/session?action=new&enrich=t&auth=00%3A24%3Ae4%3A24%3A8a%3A10&hash=cbbacfd37d1e6c9b1003c3b5ffa164da&duration=600&currentfw=881&mfgid=294928&batterylvl=69&appliver=2160013&','89.30.121.150','scalews.withings.net','AS31216 BSO Network Solutions SAS','d','2016-07-12 10:06:52','av5_sensor_device'),('com.withings.wiscale2','https://89.30.121.150/cgi-bin/session?action=new&enrich=t&auth=00%3A24%3Ae4%3A24%3A8a%3A10&hash=cbbacfd37d1e6c9b1003c3b5ffa164da&duration=600&currentfw=881&mfgid=294928&batterylvl=70&appliver=2160013&','89.30.121.150','scalews.withings.net','AS31216 BSO Network Solutions SAS','d','2016-07-12 10:06:52','av5_sensor_device'),('com.withings.wiscale2','https://89.30.121.150/cgi-bin/session?action=new&enrich=t&auth=00%3A24%3Ae4%3A24%3A8a%3A10&hash=e2843dafbdff5181d2f1c18d6e072ca8&duration=600&currentfw=881&mfgid=294928&batterylvl=71&appliver=2160013&','89.30.121.150','scalews.withings.net','AS31216 BSO Network Solutions SAS','d','2016-07-12 09:26:03','av5_sensor_device'),('com.withings.wiscale2','https://89.30.121.150/cgi-bin/session?action=new&enrich=t&auth=00%3A24%3Ae4%3A24%3A8a%3A10&hash=f7a14ed5fca42ef0573c84c783fd768c&duration=600&currentfw=881&mfgid=294928&batterylvl=70&appliver=2160013&','89.30.121.150','scalews.withings.net','AS31216 BSO Network Solutions SAS','d','2016-07-12 09:26:03','av5_sensor_device'),('com.withings.wiscale2','https://89.30.121.150/cgi-bin/session?action=new&enrich=t&auth=00%3A24%3Ae4%3A24%3A8a%3A10&hash=f7a14ed5fca42ef0573c84c783fd768c&duration=600&currentfw=881&mfgid=294928&batterylvl=72&appliver=2160013&','89.30.121.150','scalews.withings.net','AS31216 BSO Network Solutions SAS','d','2016-07-12 09:26:03','av5_sensor_device'),('com.withings.wiscale2','https://89.30.121.150/cgi-bin/user?action=update&userid=10791782&birthdate=521547241&firstname=Joanna&lastname=Doe&shortname=JOA&gender=1&fatmethod=131&data=%7B%22screens_wam01%22%3A%22%22%2C%22config','89.30.121.150','scalews.withings.net','AS31216 BSO Network Solutions SAS','d','2016-07-12 10:06:52','av5_sensor_device'),('com.withings.wiscale2','https://89.30.121.150/cgi-bin/v2/account?action=requestcode&type=password&email=inf.withings%40gmail.com&appliver=2160013&apppfm=android&appname=wiscaleNG&callctx=foreground','89.30.121.150','scalews.withings.net','AS31216 BSO Network Solutions SAS','d','2016-07-12 08:19:52','av3_mobile_app'),('com.withings.wiscale2','https://89.30.121.150/cgi-bin/v2/account?action=requestcode&type=password&email=uoe.proj.1%40gmail.com&appliver=2160013&apppfm=android&appname=wiscaleNG&callctx=foreground','89.30.121.150','scalews.withings.net','AS31216 BSO Network Solutions SAS','d','2016-07-12 08:19:52','av3_mobile_app'),('com.withings.wiscale2','https://89.30.121.150/cgi-bin/v2/association?action=create&sessioniddevice=2831-c17783db-c053a68b&sessionid=4399-eb12dabe-8f2e642f&appliver=2160013&apppfm=android&appname=wiscaleNG&callctx=foreground','89.30.121.150','scalews.withings.net','AS31216 BSO Network Solutions SAS','d','2016-07-12 09:26:03','av5_sensor_device'),('com.withings.wiscale2','https://89.30.121.150/cgi-bin/v2/association?action=create&sessioniddevice=2841-74aef256-e52b28e8&sessionid=9698-1cd41d85-85ad9f5d&appliver=2160013&apppfm=android&appname=wiscaleNG&callctx=foreground','89.30.121.150','scalews.withings.net','AS31216 BSO Network Solutions SAS','d','2016-07-11 19:49:01','av3_mobile_app'),('com.withings.wiscale2','https://89.30.121.150/cgi-bin/v2/association?action=create&sessioniddevice=4630-eb54d6d4-dfc15885&sessionid=4399-eb12dabe-8f2e642f&appliver=2160013&apppfm=android&appname=wiscaleNG&callctx=foreground','89.30.121.150','scalews.withings.net','AS31216 BSO Network Solutions SAS','d','2016-07-12 09:26:03','av5_sensor_device'),('com.withings.wiscale2','https://89.30.121.150/cgi-bin/v2/association?action=create&sessioniddevice=9693-56e1f742-62c1810a&sessionid=8149-95c7c507-4ec3c708&appliver=2160013&apppfm=android&appname=wiscaleNG&callctx=foreground','89.30.121.150','scalews.withings.net','AS31216 BSO Network Solutions SAS','d','2016-07-12 10:06:52','av5_sensor_device'),('com.withings.wiscale2','https://89.30.121.150/cgi-bin/v2/badge?action=getenrichbyuserid&userid=10787577&sessionid=2093-e75ca492-3bbcfe61&appliver=2160013&apppfm=android&appname=wiscaleNG&callctx=foreground','89.30.121.150','scalews.withings.net','AS31216 BSO Network Solutions SAS','d','2016-07-12 08:19:52','av3_mobile_app'),('com.withings.wiscale2','https://89.30.121.150/cgi-bin/v2/badge?action=getenrichbyuserid&userid=10787577&sessionid=4399-eb12dabe-8f2e642f&appliver=2160013&apppfm=android&appname=wiscaleNG&callctx=foreground','89.30.121.150','scalews.withings.net','AS31216 BSO Network Solutions SAS','d','2016-07-12 09:26:03','av5_sensor_device'),('com.withings.wiscale2','https://89.30.121.150/cgi-bin/v2/classifier?action=getbyuserid&userid=10676262&actirecver=3&actirecfmt=1&sessionid=3892-e2424744-4a478c13&appliver=2160013&apppfm=android&appname=wiscaleNG&callctx=fore','89.30.121.150','scalews.withings.net','AS31216 BSO Network Solutions SAS','d','2016-07-08 10:42:42','av1_data_trans'),('com.withings.wiscale2','https://89.30.121.150/cgi-bin/v2/classifier?action=getbyuserid&userid=10787577&actirecver=3&actirecfmt=1&sessionid=1212-45d78475-7e13708b&appliver=2160013&apppfm=android&appname=wiscaleNG&callctx=fore','89.30.121.150','scalews.withings.net','AS31216 BSO Network Solutions SAS','d','2016-07-14 14:51:01','av3_mobile_app'),('com.withings.wiscale2','https://89.30.121.150/cgi-bin/v2/classifier?action=getbyuserid&userid=10787577&actirecver=3&actirecfmt=1&sessionid=2093-e75ca492-3bbcfe61&appliver=2160013&apppfm=android&appname=wiscaleNG&callctx=fore','89.30.121.150','scalews.withings.net','AS31216 BSO Network Solutions SAS','d','2016-07-12 08:19:52','av3_mobile_app'),('com.withings.wiscale2','https://89.30.121.150/cgi-bin/v2/classifier?action=getbyuserid&userid=10787577&actirecver=3&actirecfmt=1&sessionid=2461-eeb81e3b-1e3427e1&appliver=2160013&apppfm=android&appname=wiscaleNG&callctx=fore','89.30.121.150','scalews.withings.net','AS31216 BSO Network Solutions SAS','d','2016-07-12 08:19:52','av3_mobile_app'),('com.withings.wiscale2','https://89.30.121.150/cgi-bin/v2/classifier?action=getbyuserid&userid=10787577&actirecver=3&actirecfmt=1&sessionid=3275-f7a53363-1b18557f&appliver=2160013&apppfm=android&appname=wiscaleNG&callctx=fore','89.30.121.150','scalews.withings.net','AS31216 BSO Network Solutions SAS','d','2016-07-12 09:26:03','av5_sensor_device'),('com.withings.wiscale2','https://89.30.121.150/cgi-bin/v2/classifier?action=getbyuserid&userid=10787577&actirecver=3&actirecfmt=1&sessionid=4399-eb12dabe-8f2e642f&appliver=2160013&apppfm=android&appname=wiscaleNG&callctx=fore','89.30.121.150','scalews.withings.net','AS31216 BSO Network Solutions SAS','d','2016-07-12 09:26:03','av5_sensor_device'),('com.withings.wiscale2','https://89.30.121.150/cgi-bin/v2/classifier?action=getbyuserid&userid=10787577&actirecver=3&actirecfmt=1&sessionid=4417-9999a6f4-ac13fd79&appliver=2160013&apppfm=android&appname=wiscaleNG&callctx=fore','89.30.121.150','scalews.withings.net','AS31216 BSO Network Solutions SAS','d','2016-07-13 14:40:55','av2_mobile_device'),('com.withings.wiscale2','https://89.30.121.150/cgi-bin/v2/classifier?action=getbyuserid&userid=10787577&actirecver=3&actirecfmt=1&sessionid=7649-7bea10b7-4929b376&appliver=2160013&apppfm=android&appname=wiscaleNG&callctx=fore','89.30.121.150','scalews.withings.net','AS31216 BSO Network Solutions SAS','d','2016-07-12 16:54:00','av3_mobile_app'),('com.withings.wiscale2','https://89.30.121.150/cgi-bin/v2/classifier?action=getbyuserid&userid=10787577&actirecver=3&actirecfmt=1&sessionid=8149-95c7c507-4ec3c708&appliver=2160013&apppfm=android&appname=wiscaleNG&callctx=fore','89.30.121.150','scalews.withings.net','AS31216 BSO Network Solutions SAS','d','2016-07-12 10:06:52','av5_sensor_device'),('com.withings.wiscale2','https://89.30.121.150/cgi-bin/v2/classifier?action=getbyuserid&userid=10787577&actirecver=3&actirecfmt=1&sessionid=8398-ebfae910-6b510489&appliver=2160013&apppfm=android&appname=wiscaleNG&callctx=fore','89.30.121.150','scalews.withings.net','AS31216 BSO Network Solutions SAS','d','2016-07-12 08:19:52','av3_mobile_app'),('com.withings.wiscale2','https://89.30.121.150/cgi-bin/v2/classifier?action=getbyuserid&userid=10787577&actirecver=3&actirecfmt=1&sessionid=9698-1cd41d85-85ad9f5d&appliver=2160013&apppfm=android&appname=wiscaleNG&callctx=fore','89.30.121.150','scalews.withings.net','AS31216 BSO Network Solutions SAS','d','2016-07-11 19:49:01','av3_mobile_app'),('com.withings.wiscale2','https://89.30.121.150/cgi-bin/v2/classifier?action=getbyuserid&userid=10791782&actirecver=3&actirecfmt=1&sessionid=1212-45d78475-7e13708b&appliver=2160013&apppfm=android&appname=wiscaleNG&callctx=fore','89.30.121.150','scalews.withings.net','AS31216 BSO Network Solutions SAS','d','2016-07-14 14:51:01','av3_mobile_app'),('com.withings.wiscale2','https://89.30.121.150/cgi-bin/v2/classifier?action=getbyuserid&userid=10791782&actirecver=3&actirecfmt=1&sessionid=4417-9999a6f4-ac13fd79&appliver=2160013&apppfm=android&appname=wiscaleNG&callctx=fore','89.30.121.150','scalews.withings.net','AS31216 BSO Network Solutions SAS','d','2016-07-13 14:40:55','av2_mobile_device'),('com.withings.wiscale2','https://89.30.121.150/cgi-bin/v2/classifier?action=getbyuserid&userid=10791782&actirecver=3&actirecfmt=1&sessionid=7649-7bea10b7-4929b376&appliver=2160013&apppfm=android&appname=wiscaleNG&callctx=fore','89.30.121.150','scalews.withings.net','AS31216 BSO Network Solutions SAS','d','2016-07-12 16:54:00','av3_mobile_app'),('com.withings.wiscale2','https://89.30.121.150/cgi-bin/v2/classifier?action=getbyuserid&userid=10791782&actirecver=3&actirecfmt=1&sessionid=8149-95c7c507-4ec3c708&appliver=2160013&apppfm=android&appname=wiscaleNG&callctx=fore','89.30.121.150','scalews.withings.net','AS31216 BSO Network Solutions SAS','d','2016-07-12 10:06:52','av5_sensor_device'),('com.withings.wiscale2','https://89.30.121.150/cgi-bin/v2/firmware?action=getupdate&currentfw=881&sessionid=2831-c17783db-c053a68b&appliver=2160013&apppfm=android&appname=wiscaleNG&callctx=foreground','89.30.121.150','scalews.withings.net','AS31216 BSO Network Solutions SAS','d','2016-07-12 09:26:03','av5_sensor_device'),('com.withings.wiscale2','https://89.30.121.150/cgi-bin/v2/firmware?action=getupdate&currentfw=881&sessionid=2841-74aef256-e52b28e8&appliver=2160013&apppfm=android&appname=wiscaleNG&callctx=foreground','89.30.121.150','scalews.withings.net','AS31216 BSO Network Solutions SAS','d','2016-07-11 19:49:01','av3_mobile_app'),('com.withings.wiscale2','https://89.30.121.150/cgi-bin/v2/firmware?action=getupdate&currentfw=881&sessionid=7216-8e9a75bd-40d73440&appliver=2160013&apppfm=android&appname=wiscaleNG&callctx=foreground','89.30.121.150','scalews.withings.net','AS31216 BSO Network Solutions SAS','d','2016-07-12 09:26:03','av5_sensor_device'),('com.withings.wiscale2','https://89.30.121.150/cgi-bin/v2/firmware?action=getupdate&currentfw=881&sessionid=8567-bbb32d22-88664233&appliver=2160013&apppfm=android&appname=wiscaleNG&callctx=foreground','89.30.121.150','scalews.withings.net','AS31216 BSO Network Solutions SAS','d','2016-07-12 09:26:03','av5_sensor_device'),('com.withings.wiscale2','https://89.30.121.150/cgi-bin/v2/firmware?action=getupdate&currentfw=881&sessionid=9944-c920b1ca-d36c528f&appliver=2160013&apppfm=android&appname=wiscaleNG&callctx=foreground','89.30.121.150','scalews.withings.net','AS31216 BSO Network Solutions SAS','d','2016-07-12 09:26:03','av5_sensor_device'),('com.withings.wiscale2','https://89.30.121.150/cgi-bin/v2/leaderboard?action=getbyuserid&date=2016-07-04&meastype=36&userid=10676262&sessionid=3892-e2424744-4a478c13&appliver=2160013&apppfm=android&appname=wiscaleNG&callctx=f','89.30.121.150','scalews.withings.net','AS31216 BSO Network Solutions SAS','d','2016-07-08 10:42:42','av1_data_trans'),('com.withings.wiscale2','https://89.30.121.150/cgi-bin/v2/leaderboard?action=getbyuserid&date=2016-07-11&meastype=36&userid=10787577&sessionid=1212-45d78475-7e13708b&appliver=2160013&apppfm=android&appname=wiscaleNG&callctx=f','89.30.121.150','scalews.withings.net','AS31216 BSO Network Solutions SAS','d','2016-07-14 14:51:01','av3_mobile_app'),('com.withings.wiscale2','https://89.30.121.150/cgi-bin/v2/leaderboard?action=getbyuserid&date=2016-07-11&meastype=36&userid=10787577&sessionid=2093-e75ca492-3bbcfe61&appliver=2160013&apppfm=android&appname=wiscaleNG&callctx=f','89.30.121.150','scalews.withings.net','AS31216 BSO Network Solutions SAS','d','2016-07-12 08:19:52','av3_mobile_app'),('com.withings.wiscale2','https://89.30.121.150/cgi-bin/v2/leaderboard?action=getbyuserid&date=2016-07-11&meastype=36&userid=10787577&sessionid=2461-eeb81e3b-1e3427e1&appliver=2160013&apppfm=android&appname=wiscaleNG&callctx=f','89.30.121.150','scalews.withings.net','AS31216 BSO Network Solutions SAS','d','2016-07-12 08:19:52','av3_mobile_app'),('com.withings.wiscale2','https://89.30.121.150/cgi-bin/v2/leaderboard?action=getbyuserid&date=2016-07-11&meastype=36&userid=10787577&sessionid=3275-f7a53363-1b18557f&appliver=2160013&apppfm=android&appname=wiscaleNG&callctx=f','89.30.121.150','scalews.withings.net','AS31216 BSO Network Solutions SAS','d','2016-07-12 09:26:03','av5_sensor_device'),('com.withings.wiscale2','https://89.30.121.150/cgi-bin/v2/leaderboard?action=getbyuserid&date=2016-07-11&meastype=36&userid=10787577&sessionid=4399-eb12dabe-8f2e642f&appliver=2160013&apppfm=android&appname=wiscaleNG&callctx=f','89.30.121.150','scalews.withings.net','AS31216 BSO Network Solutions SAS','d','2016-07-12 09:26:03','av5_sensor_device'),('com.withings.wiscale2','https://89.30.121.150/cgi-bin/v2/leaderboard?action=getbyuserid&date=2016-07-11&meastype=36&userid=10787577&sessionid=4417-9999a6f4-ac13fd79&appliver=2160013&apppfm=android&appname=wiscaleNG&callctx=f','89.30.121.150','scalews.withings.net','AS31216 BSO Network Solutions SAS','d','2016-07-13 14:40:55','av2_mobile_device'),('com.withings.wiscale2','https://89.30.121.150/cgi-bin/v2/leaderboard?action=getbyuserid&date=2016-07-11&meastype=36&userid=10787577&sessionid=7649-7bea10b7-4929b376&appliver=2160013&apppfm=android&appname=wiscaleNG&callctx=f','89.30.121.150','scalews.withings.net','AS31216 BSO Network Solutions SAS','d','2016-07-12 16:54:00','av3_mobile_app'),('com.withings.wiscale2','https://89.30.121.150/cgi-bin/v2/leaderboard?action=getbyuserid&date=2016-07-11&meastype=36&userid=10787577&sessionid=8149-95c7c507-4ec3c708&appliver=2160013&apppfm=android&appname=wiscaleNG&callctx=f','89.30.121.150','scalews.withings.net','AS31216 BSO Network Solutions SAS','d','2016-07-12 10:06:52','av5_sensor_device'),('com.withings.wiscale2','https://89.30.121.150/cgi-bin/v2/leaderboard?action=getbyuserid&date=2016-07-11&meastype=36&userid=10787577&sessionid=8398-ebfae910-6b510489&appliver=2160013&apppfm=android&appname=wiscaleNG&callctx=f','89.30.121.150','scalews.withings.net','AS31216 BSO Network Solutions SAS','d','2016-07-12 08:19:52','av3_mobile_app'),('com.withings.wiscale2','https://89.30.121.150/cgi-bin/v2/leaderboard?action=getbyuserid&date=2016-07-11&meastype=36&userid=10787577&sessionid=9698-1cd41d85-85ad9f5d&appliver=2160013&apppfm=android&appname=wiscaleNG&callctx=f','89.30.121.150','scalews.withings.net','AS31216 BSO Network Solutions SAS','d','2016-07-11 19:49:01','av3_mobile_app'),('com.withings.wiscale2','https://89.30.121.150/cgi-bin/v2/measure?action=getagregatewam&userid=10676262&lastupdate=0&offset=0&sessionid=3892-e2424744-4a478c13&appliver=2160013&apppfm=android&appname=wiscaleNG&callctx=foregrou','89.30.121.150','scalews.withings.net','AS31216 BSO Network Solutions SAS','d','2016-07-08 10:42:42','av1_data_trans'),('com.withings.wiscale2','https://89.30.121.150/cgi-bin/v2/measure?action=getlastupdate&objects=accounts,users,devices&sessionid=1212-45d78475-7e13708b&appliver=2160013&apppfm=android&appname=wiscaleNG&callctx=foreground','89.30.121.150','scalews.withings.net','AS31216 BSO Network Solutions SAS','d','2016-07-14 14:51:01','av3_mobile_app'),('com.withings.wiscale2','https://89.30.121.150/cgi-bin/v2/measure?action=getlastupdate&objects=accounts,users,devices&sessionid=2093-e75ca492-3bbcfe61&appliver=2160013&apppfm=android&appname=wiscaleNG&callctx=foreground','89.30.121.150','scalews.withings.net','AS31216 BSO Network Solutions SAS','d','2016-07-12 08:19:52','av3_mobile_app'),('com.withings.wiscale2','https://89.30.121.150/cgi-bin/v2/measure?action=getlastupdate&objects=accounts,users,devices&sessionid=2461-eeb81e3b-1e3427e1&appliver=2160013&apppfm=android&appname=wiscaleNG&callctx=foreground','89.30.121.150','scalews.withings.net','AS31216 BSO Network Solutions SAS','d','2016-07-12 08:19:52','av3_mobile_app'),('com.withings.wiscale2','https://89.30.121.150/cgi-bin/v2/measure?action=getlastupdate&objects=accounts,users,devices&sessionid=3275-f7a53363-1b18557f&appliver=2160013&apppfm=android&appname=wiscaleNG&callctx=foreground','89.30.121.150','scalews.withings.net','AS31216 BSO Network Solutions SAS','d','2016-07-12 09:26:03','av5_sensor_device'),('com.withings.wiscale2','https://89.30.121.150/cgi-bin/v2/measure?action=getlastupdate&objects=accounts,users,devices&sessionid=3892-e2424744-4a478c13&appliver=2160013&apppfm=android&appname=wiscaleNG&callctx=foreground','89.30.121.150','scalews.withings.net','AS31216 BSO Network Solutions SAS','d','2016-07-08 10:42:42','av1_data_trans'),('com.withings.wiscale2','https://89.30.121.150/cgi-bin/v2/measure?action=getlastupdate&objects=accounts,users,devices&sessionid=4399-eb12dabe-8f2e642f&appliver=2160013&apppfm=android&appname=wiscaleNG&callctx=foreground','89.30.121.150','scalews.withings.net','AS31216 BSO Network Solutions SAS','d','2016-07-12 09:26:03','av5_sensor_device'),('com.withings.wiscale2','https://89.30.121.150/cgi-bin/v2/measure?action=getlastupdate&objects=accounts,users,devices&sessionid=4417-9999a6f4-ac13fd79&appliver=2160013&apppfm=android&appname=wiscaleNG&callctx=foreground','89.30.121.150','scalews.withings.net','AS31216 BSO Network Solutions SAS','d','2016-07-13 14:40:55','av2_mobile_device'),('com.withings.wiscale2','https://89.30.121.150/cgi-bin/v2/measure?action=getlastupdate&objects=accounts,users,devices&sessionid=7649-7bea10b7-4929b376&appliver=2160013&apppfm=android&appname=wiscaleNG&callctx=foreground','89.30.121.150','scalews.withings.net','AS31216 BSO Network Solutions SAS','d','2016-07-12 16:54:00','av3_mobile_app'),('com.withings.wiscale2','https://89.30.121.150/cgi-bin/v2/measure?action=getlastupdate&objects=accounts,users,devices&sessionid=8149-95c7c507-4ec3c708&appliver=2160013&apppfm=android&appname=wiscaleNG&callctx=foreground','89.30.121.150','scalews.withings.net','AS31216 BSO Network Solutions SAS','d','2016-07-12 10:06:52','av5_sensor_device'),('com.withings.wiscale2','https://89.30.121.150/cgi-bin/v2/measure?action=getlastupdate&objects=accounts,users,devices&sessionid=8398-ebfae910-6b510489&appliver=2160013&apppfm=android&appname=wiscaleNG&callctx=foreground','89.30.121.150','scalews.withings.net','AS31216 BSO Network Solutions SAS','d','2016-07-12 08:19:52','av3_mobile_app'),('com.withings.wiscale2','https://89.30.121.150/cgi-bin/v2/measure?action=getlastupdate&objects=accounts,users,devices&sessionid=9698-1cd41d85-85ad9f5d&appliver=2160013&apppfm=android&appname=wiscaleNG&callctx=foreground','89.30.121.150','scalews.withings.net','AS31216 BSO Network Solutions SAS','d','2016-07-11 19:49:01','av3_mobile_app'),('com.withings.wiscale2','https://89.30.121.150/cgi-bin/v2/measure?action=getvasistas&userid=10676262&startdate=1466377200&enddate=1466463600&vasistas_category=tracker&meastype=36,37,39,40,41,42,43,44,59,70,87,90&sessionid=389','89.30.121.150','scalews.withings.net','AS31216 BSO Network Solutions SAS','d','2016-07-08 10:42:42','av1_data_trans'),('com.withings.wiscale2','https://89.30.121.150/cgi-bin/v2/measure?action=getvasistas&userid=10676262&startdate=1466463600&enddate=1466550000&vasistas_category=tracker&meastype=36,37,39,40,41,42,43,44,59,70,87,90&sessionid=389','89.30.121.150','scalews.withings.net','AS31216 BSO Network Solutions SAS','d','2016-07-08 10:42:42','av1_data_trans'),('com.withings.wiscale2','https://89.30.121.150/cgi-bin/v2/measure?action=getvasistas&userid=10676262&startdate=1466550000&enddate=1466636400&vasistas_category=tracker&meastype=36,37,39,40,41,42,43,44,59,70,87,90&sessionid=389','89.30.121.150','scalews.withings.net','AS31216 BSO Network Solutions SAS','d','2016-07-08 10:42:42','av1_data_trans'),('com.withings.wiscale2','https://89.30.121.150/cgi-bin/v2/measure?action=getvasistas&userid=10676262&startdate=1466636400&enddate=1466722800&vasistas_category=tracker&meastype=36,37,39,40,41,42,43,44,59,70,87,90&sessionid=389','89.30.121.150','scalews.withings.net','AS31216 BSO Network Solutions SAS','d','2016-07-08 10:42:42','av1_data_trans'),('com.withings.wiscale2','https://89.30.121.150/cgi-bin/v2/measure?action=getvasistas&userid=10676262&startdate=1466722800&enddate=1466809200&vasistas_category=tracker&meastype=36,37,39,40,41,42,43,44,59,70,87,90&sessionid=389','89.30.121.150','scalews.withings.net','AS31216 BSO Network Solutions SAS','d','2016-07-08 10:42:42','av1_data_trans'),('com.withings.wiscale2','https://89.30.121.150/cgi-bin/v2/measure?action=getvasistas&userid=10676262&startdate=1466809200&enddate=1466895600&vasistas_category=tracker&meastype=36,37,39,40,41,42,43,44,59,70,87,90&sessionid=389','89.30.121.150','scalews.withings.net','AS31216 BSO Network Solutions SAS','d','2016-07-08 10:42:42','av1_data_trans'),('com.withings.wiscale2','https://89.30.121.150/cgi-bin/v2/measure?action=getvasistas&userid=10676262&startdate=1466895600&enddate=1466982000&vasistas_category=tracker&meastype=36,37,39,40,41,42,43,44,59,70,87,90&sessionid=389','89.30.121.150','scalews.withings.net','AS31216 BSO Network Solutions SAS','d','2016-07-08 10:42:42','av1_data_trans'),('com.withings.wiscale2','https://89.30.121.150/cgi-bin/v2/measure?action=getvasistas&userid=10676262&startdate=1466982000&enddate=1467068400&vasistas_category=tracker&meastype=36,37,39,40,41,42,43,44,59,70,87,90&sessionid=389','89.30.121.150','scalews.withings.net','AS31216 BSO Network Solutions SAS','d','2016-07-08 10:42:42','av1_data_trans'),('com.withings.wiscale2','https://89.30.121.150/cgi-bin/v2/partner?action=getbyuserid&userid=10676262&sessionid=3892-e2424744-4a478c13&appliver=2160013&apppfm=android&appname=wiscaleNG&callctx=foreground','89.30.121.150','scalews.withings.net','AS31216 BSO Network Solutions SAS','d','2016-07-08 10:42:42','av1_data_trans'),('com.withings.wiscale2','https://89.30.121.150/cgi-bin/v2/partner?action=getbyuserid&userid=10787577&sessionid=1212-45d78475-7e13708b&appliver=2160013&apppfm=android&appname=wiscaleNG&callctx=foreground','89.30.121.150','scalews.withings.net','AS31216 BSO Network Solutions SAS','d','2016-07-14 14:51:01','av3_mobile_app'),('com.withings.wiscale2','https://89.30.121.150/cgi-bin/v2/partner?action=getbyuserid&userid=10787577&sessionid=2093-e75ca492-3bbcfe61&appliver=2160013&apppfm=android&appname=wiscaleNG&callctx=foreground','89.30.121.150','scalews.withings.net','AS31216 BSO Network Solutions SAS','d','2016-07-12 08:19:52','av3_mobile_app'),('com.withings.wiscale2','https://89.30.121.150/cgi-bin/v2/partner?action=getbyuserid&userid=10787577&sessionid=2461-eeb81e3b-1e3427e1&appliver=2160013&apppfm=android&appname=wiscaleNG&callctx=foreground','89.30.121.150','scalews.withings.net','AS31216 BSO Network Solutions SAS','d','2016-07-12 08:19:52','av3_mobile_app'),('com.withings.wiscale2','https://89.30.121.150/cgi-bin/v2/partner?action=getbyuserid&userid=10787577&sessionid=3275-f7a53363-1b18557f&appliver=2160013&apppfm=android&appname=wiscaleNG&callctx=foreground','89.30.121.150','scalews.withings.net','AS31216 BSO Network Solutions SAS','d','2016-07-12 09:26:03','av5_sensor_device'),('com.withings.wiscale2','https://89.30.121.150/cgi-bin/v2/partner?action=getbyuserid&userid=10787577&sessionid=4399-eb12dabe-8f2e642f&appliver=2160013&apppfm=android&appname=wiscaleNG&callctx=foreground','89.30.121.150','scalews.withings.net','AS31216 BSO Network Solutions SAS','d','2016-07-12 09:26:03','av5_sensor_device'),('com.withings.wiscale2','https://89.30.121.150/cgi-bin/v2/partner?action=getbyuserid&userid=10787577&sessionid=4417-9999a6f4-ac13fd79&appliver=2160013&apppfm=android&appname=wiscaleNG&callctx=foreground','89.30.121.150','scalews.withings.net','AS31216 BSO Network Solutions SAS','d','2016-07-13 14:40:55','av2_mobile_device'),('com.withings.wiscale2','https://89.30.121.150/cgi-bin/v2/partner?action=getbyuserid&userid=10787577&sessionid=7649-7bea10b7-4929b376&appliver=2160013&apppfm=android&appname=wiscaleNG&callctx=foreground','89.30.121.150','scalews.withings.net','AS31216 BSO Network Solutions SAS','d','2016-07-12 16:54:00','av3_mobile_app'),('com.withings.wiscale2','https://89.30.121.150/cgi-bin/v2/partner?action=getbyuserid&userid=10787577&sessionid=8149-95c7c507-4ec3c708&appliver=2160013&apppfm=android&appname=wiscaleNG&callctx=foreground','89.30.121.150','scalews.withings.net','AS31216 BSO Network Solutions SAS','d','2016-07-12 10:06:52','av5_sensor_device'),('com.withings.wiscale2','https://89.30.121.150/cgi-bin/v2/partner?action=getbyuserid&userid=10787577&sessionid=8398-ebfae910-6b510489&appliver=2160013&apppfm=android&appname=wiscaleNG&callctx=foreground','89.30.121.150','scalews.withings.net','AS31216 BSO Network Solutions SAS','d','2016-07-12 08:19:52','av3_mobile_app'),('com.withings.wiscale2','https://89.30.121.150/cgi-bin/v2/partner?action=getbyuserid&userid=10787577&sessionid=9698-1cd41d85-85ad9f5d&appliver=2160013&apppfm=android&appname=wiscaleNG&callctx=foreground','89.30.121.150','scalews.withings.net','AS31216 BSO Network Solutions SAS','d','2016-07-11 19:49:01','av3_mobile_app'),('com.withings.wiscale2','https://89.30.121.150/cgi-bin/v2/program?action=getenrolled&sessionid=1212-45d78475-7e13708b&appliver=2160013&apppfm=android&appname=wiscaleNG&callctx=foreground','89.30.121.150','scalews.withings.net','AS31216 BSO Network Solutions SAS','d','2016-07-14 14:51:01','av3_mobile_app'),('com.withings.wiscale2','https://89.30.121.150/cgi-bin/v2/program?action=getenrolled&sessionid=2093-e75ca492-3bbcfe61&appliver=2160013&apppfm=android&appname=wiscaleNG&callctx=foreground','89.30.121.150','scalews.withings.net','AS31216 BSO Network Solutions SAS','d','2016-07-12 08:19:52','av3_mobile_app'),('com.withings.wiscale2','https://89.30.121.150/cgi-bin/v2/program?action=getenrolled&sessionid=2461-eeb81e3b-1e3427e1&appliver=2160013&apppfm=android&appname=wiscaleNG&callctx=foreground','89.30.121.150','scalews.withings.net','AS31216 BSO Network Solutions SAS','d','2016-07-12 08:19:52','av3_mobile_app'),('com.withings.wiscale2','https://89.30.121.150/cgi-bin/v2/program?action=getenrolled&sessionid=3275-f7a53363-1b18557f&appliver=2160013&apppfm=android&appname=wiscaleNG&callctx=foreground','89.30.121.150','scalews.withings.net','AS31216 BSO Network Solutions SAS','d','2016-07-12 09:26:03','av5_sensor_device'),('com.withings.wiscale2','https://89.30.121.150/cgi-bin/v2/program?action=getenrolled&sessionid=3892-e2424744-4a478c13&appliver=2160013&apppfm=android&appname=wiscaleNG&callctx=foreground','89.30.121.150','scalews.withings.net','AS31216 BSO Network Solutions SAS','d','2016-07-08 10:42:42','av1_data_trans'),('com.withings.wiscale2','https://89.30.121.150/cgi-bin/v2/program?action=getenrolled&sessionid=4399-eb12dabe-8f2e642f&appliver=2160013&apppfm=android&appname=wiscaleNG&callctx=foreground','89.30.121.150','scalews.withings.net','AS31216 BSO Network Solutions SAS','d','2016-07-12 09:26:03','av5_sensor_device'),('com.withings.wiscale2','https://89.30.121.150/cgi-bin/v2/program?action=getenrolled&sessionid=4417-9999a6f4-ac13fd79&appliver=2160013&apppfm=android&appname=wiscaleNG&callctx=foreground','89.30.121.150','scalews.withings.net','AS31216 BSO Network Solutions SAS','d','2016-07-13 14:40:55','av2_mobile_device'),('com.withings.wiscale2','https://89.30.121.150/cgi-bin/v2/program?action=getenrolled&sessionid=7649-7bea10b7-4929b376&appliver=2160013&apppfm=android&appname=wiscaleNG&callctx=foreground','89.30.121.150','scalews.withings.net','AS31216 BSO Network Solutions SAS','d','2016-07-12 16:54:00','av3_mobile_app'),('com.withings.wiscale2','https://89.30.121.150/cgi-bin/v2/program?action=getenrolled&sessionid=8149-95c7c507-4ec3c708&appliver=2160013&apppfm=android&appname=wiscaleNG&callctx=foreground','89.30.121.150','scalews.withings.net','AS31216 BSO Network Solutions SAS','d','2016-07-12 10:06:52','av5_sensor_device'),('com.withings.wiscale2','https://89.30.121.150/cgi-bin/v2/program?action=getenrolled&sessionid=8398-ebfae910-6b510489&appliver=2160013&apppfm=android&appname=wiscaleNG&callctx=foreground','89.30.121.150','scalews.withings.net','AS31216 BSO Network Solutions SAS','d','2016-07-12 08:19:52','av3_mobile_app'),('com.withings.wiscale2','https://89.30.121.150/cgi-bin/v2/subcategory?action=list&sessionid=1212-45d78475-7e13708b&appliver=2160013&apppfm=android&appname=wiscaleNG&callctx=foreground','89.30.121.150','scalews.withings.net','AS31216 BSO Network Solutions SAS','d','2016-07-14 14:51:01','av3_mobile_app'),('com.withings.wiscale2','https://89.30.121.150/cgi-bin/v2/subcategory?action=list&sessionid=2093-e75ca492-3bbcfe61&appliver=2160013&apppfm=android&appname=wiscaleNG&callctx=foreground','89.30.121.150','scalews.withings.net','AS31216 BSO Network Solutions SAS','d','2016-07-12 08:19:52','av3_mobile_app'),('com.withings.wiscale2','https://89.30.121.150/cgi-bin/v2/subcategory?action=list&sessionid=2461-eeb81e3b-1e3427e1&appliver=2160013&apppfm=android&appname=wiscaleNG&callctx=foreground','89.30.121.150','scalews.withings.net','AS31216 BSO Network Solutions SAS','d','2016-07-12 08:19:52','av3_mobile_app'),('com.withings.wiscale2','https://89.30.121.150/cgi-bin/v2/subcategory?action=list&sessionid=3275-f7a53363-1b18557f&appliver=2160013&apppfm=android&appname=wiscaleNG&callctx=foreground','89.30.121.150','scalews.withings.net','AS31216 BSO Network Solutions SAS','d','2016-07-12 09:26:03','av5_sensor_device'),('com.withings.wiscale2','https://89.30.121.150/cgi-bin/v2/subcategory?action=list&sessionid=3892-e2424744-4a478c13&appliver=2160013&apppfm=android&appname=wiscaleNG&callctx=foreground','89.30.121.150','scalews.withings.net','AS31216 BSO Network Solutions SAS','d','2016-07-08 10:42:42','av1_data_trans'),('com.withings.wiscale2','https://89.30.121.150/cgi-bin/v2/subcategory?action=list&sessionid=4399-eb12dabe-8f2e642f&appliver=2160013&apppfm=android&appname=wiscaleNG&callctx=foreground','89.30.121.150','scalews.withings.net','AS31216 BSO Network Solutions SAS','d','2016-07-12 09:26:03','av5_sensor_device'),('com.withings.wiscale2','https://89.30.121.150/cgi-bin/v2/subcategory?action=list&sessionid=4417-9999a6f4-ac13fd79&appliver=2160013&apppfm=android&appname=wiscaleNG&callctx=foreground','89.30.121.150','scalews.withings.net','AS31216 BSO Network Solutions SAS','d','2016-07-13 14:40:55','av2_mobile_device'),('com.withings.wiscale2','https://89.30.121.150/cgi-bin/v2/subcategory?action=list&sessionid=7649-7bea10b7-4929b376&appliver=2160013&apppfm=android&appname=wiscaleNG&callctx=foreground','89.30.121.150','scalews.withings.net','AS31216 BSO Network Solutions SAS','d','2016-07-12 16:54:00','av3_mobile_app'),('com.withings.wiscale2','https://89.30.121.150/cgi-bin/v2/subcategory?action=list&sessionid=8149-95c7c507-4ec3c708&appliver=2160013&apppfm=android&appname=wiscaleNG&callctx=foreground','89.30.121.150','scalews.withings.net','AS31216 BSO Network Solutions SAS','d','2016-07-12 10:06:52','av5_sensor_device'),('com.withings.wiscale2','https://89.30.121.150/cgi-bin/v2/subcategory?action=list&sessionid=8398-ebfae910-6b510489&appliver=2160013&apppfm=android&appname=wiscaleNG&callctx=foreground','89.30.121.150','scalews.withings.net','AS31216 BSO Network Solutions SAS','d','2016-07-12 08:19:52','av3_mobile_app'),('com.withings.wiscale2','https://89.30.121.150/cgi-bin/v2/timeline?action=getbyuserid&userid=10676262&sessionid=3892-e2424744-4a478c13&appliver=2160013&apppfm=android&appname=wiscaleNG&callctx=foreground','89.30.121.150','scalews.withings.net','AS31216 BSO Network Solutions SAS','d','2016-07-08 10:42:42','av1_data_trans'),('com.withings.wiscale2','https://89.30.121.150/cgi-bin/v2/timeline?action=getbyuserid&userid=10787577&sessionid=1212-45d78475-7e13708b&appliver=2160013&apppfm=android&appname=wiscaleNG&callctx=foreground','89.30.121.150','scalews.withings.net','AS31216 BSO Network Solutions SAS','d','2016-07-14 14:51:01','av3_mobile_app'),('com.withings.wiscale2','https://89.30.121.150/cgi-bin/v2/timeline?action=getbyuserid&userid=10787577&sessionid=2093-e75ca492-3bbcfe61&appliver=2160013&apppfm=android&appname=wiscaleNG&callctx=foreground','89.30.121.150','scalews.withings.net','AS31216 BSO Network Solutions SAS','d','2016-07-12 08:19:52','av3_mobile_app'),('com.withings.wiscale2','https://89.30.121.150/cgi-bin/v2/timeline?action=getbyuserid&userid=10787577&sessionid=2461-eeb81e3b-1e3427e1&appliver=2160013&apppfm=android&appname=wiscaleNG&callctx=foreground','89.30.121.150','scalews.withings.net','AS31216 BSO Network Solutions SAS','d','2016-07-12 08:19:52','av3_mobile_app'),('com.withings.wiscale2','https://89.30.121.150/cgi-bin/v2/timeline?action=getbyuserid&userid=10787577&sessionid=3275-f7a53363-1b18557f&appliver=2160013&apppfm=android&appname=wiscaleNG&callctx=foreground','89.30.121.150','scalews.withings.net','AS31216 BSO Network Solutions SAS','d','2016-07-12 09:26:03','av5_sensor_device'),('com.withings.wiscale2','https://89.30.121.150/cgi-bin/v2/timeline?action=getbyuserid&userid=10787577&sessionid=4399-eb12dabe-8f2e642f&appliver=2160013&apppfm=android&appname=wiscaleNG&callctx=foreground','89.30.121.150','scalews.withings.net','AS31216 BSO Network Solutions SAS','d','2016-07-12 09:26:03','av5_sensor_device'),('com.withings.wiscale2','https://89.30.121.150/cgi-bin/v2/timeline?action=getbyuserid&userid=10787577&sessionid=4417-9999a6f4-ac13fd79&appliver=2160013&apppfm=android&appname=wiscaleNG&callctx=foreground','89.30.121.150','scalews.withings.net','AS31216 BSO Network Solutions SAS','d','2016-07-13 14:40:55','av2_mobile_device'),('com.withings.wiscale2','https://89.30.121.150/cgi-bin/v2/timeline?action=getbyuserid&userid=10787577&sessionid=7649-7bea10b7-4929b376&appliver=2160013&apppfm=android&appname=wiscaleNG&callctx=foreground','89.30.121.150','scalews.withings.net','AS31216 BSO Network Solutions SAS','d','2016-07-12 16:54:00','av3_mobile_app'),('com.withings.wiscale2','https://89.30.121.150/cgi-bin/v2/timeline?action=getbyuserid&userid=10787577&sessionid=8149-95c7c507-4ec3c708&appliver=2160013&apppfm=android&appname=wiscaleNG&callctx=foreground','89.30.121.150','scalews.withings.net','AS31216 BSO Network Solutions SAS','d','2016-07-12 10:06:52','av5_sensor_device'),('com.withings.wiscale2','https://89.30.121.150/cgi-bin/v2/timeline?action=getbyuserid&userid=10787577&sessionid=8398-ebfae910-6b510489&appliver=2160013&apppfm=android&appname=wiscaleNG&callctx=foreground','89.30.121.150','scalews.withings.net','AS31216 BSO Network Solutions SAS','d','2016-07-12 08:19:52','av3_mobile_app'),('com.withings.wiscale2','https://89.30.121.150/cgi-bin/v2/timeline?action=getbyuserid&userid=10787577&sessionid=9698-1cd41d85-85ad9f5d&appliver=2160013&apppfm=android&appname=wiscaleNG&callctx=foreground','89.30.121.150','scalews.withings.net','AS31216 BSO Network Solutions SAS','d','2016-07-11 19:49:01','av3_mobile_app'),('com.withings.wiscale2','https://89.30.121.170//favicon.ico','89.30.121.170','www.withings.com','AS31216 BSO Network Solutions SAS','d','2016-07-11 19:49:01','av3_mobile_app'),('com.withings.wiscale2','https://89.30.121.170/favicon.ico','89.30.121.170','withings.com','AS31216 BSO Network Solutions SAS','d','2016-07-11 19:49:01','av3_mobile_app'),('com.withings.wiscale2','https://89.30.121.170/fr/account/getsharings?sessionid=4399-eb12dabe-8f2e642f&appliver=2160013&apppfm=android&appname=wiscaleNG&callctx=foreground','89.30.121.170','my.withings.com','AS31216 BSO Network Solutions SAS','d','2016-07-12 09:26:03','av5_sensor_device'),('com.withings.wiscale2','https://89.30.121.170/support/sso_zendesk','89.30.121.170','account.withings.com','AS31216 BSO Network Solutions SAS','d','2016-07-14 14:51:01','av3_mobile_app'),('com.withings.wiscale2','https://89.30.121.170/support/sso_zendesk','89.30.121.170','account.withings.com','AS31216 BSO Network Solutions SAS','d','2016-07-12 09:26:03','av5_sensor_device'),('com.withings.wiscale2','https://89.30.121.170/uk/en/','89.30.121.170','www.withings.com','AS31216 BSO Network Solutions SAS','d','2016-07-11 19:49:01','av3_mobile_app'),('com.withings.wiscale2','https://89.30.121.170/uk/en/favicon.ico','89.30.121.170','www.withings.com','AS31216 BSO Network Solutions SAS','d','2016-07-11 19:49:01','av3_mobile_app'),('com.withings.wiscale2','https://93.184.220.17/assets/zendesk_pci_hc.v4.js','93.184.220.17','p6.zdassets.com','AS15133 EdgeCast Networks, Inc.','d','2016-07-12 09:26:03','av5_sensor_device'),('com.withings.wiscale2','https://93.184.220.17/hc/assets/application-0cc74bbf431f937cee68.css','93.184.220.17','p6.zdassets.com','AS15133 EdgeCast Networks, Inc.','d','2016-07-12 09:26:03','av5_sensor_device'),('com.withings.wiscale2','https://93.184.220.17/hc/assets/application-1eef466c519c60c7745c.css','93.184.220.17','p6.zdassets.com','AS15133 EdgeCast Networks, Inc.','d','2016-07-14 14:51:01','av3_mobile_app'),('com.withings.wiscale2','https://93.184.220.17/hc/assets/application-7d5fdfa7112eb6268c76.css','93.184.220.17','p6.zdassets.com','AS15133 EdgeCast Networks, Inc.','d','2016-07-12 10:06:52','av5_sensor_device'),('com.withings.wiscale2','https://93.184.220.17/hc/assets/entypo-5adc1c49be0325a8cdac239d1b0b05ad.woff','93.184.220.17','p6.zdassets.com','AS15133 EdgeCast Networks, Inc.','d','2016-07-12 09:26:03','av5_sensor_device'),('com.withings.wiscale2','https://93.184.220.17/hc/assets/hc_enduser-1a6d527c4910c4db88a7.js','93.184.220.17','p6.zdassets.com','AS15133 EdgeCast Networks, Inc.','d','2016-07-14 14:51:01','av3_mobile_app'),('com.withings.wiscale2','https://93.184.220.17/hc/assets/hc_enduser-c7ff8850457a04825c02.js','93.184.220.17','p6.zdassets.com','AS15133 EdgeCast Networks, Inc.','d','2016-07-12 09:26:03','av5_sensor_device'),('com.withings.wiscale2','https://93.184.220.17/hc/assets/jquery-59016abb4aecfb518aa5.js','93.184.220.17','p6.zdassets.com','AS15133 EdgeCast Networks, Inc.','d','2016-07-12 09:26:03','av5_sensor_device'),('com.withings.wiscale2','https://93.184.220.17/hc/en-us/locales-121ef6884f57c0ac482dbef94c1bff6da0266abc.js','93.184.220.17','p6.zdassets.com','AS15133 EdgeCast Networks, Inc.','d','2016-07-14 14:51:01','av3_mobile_app'),('com.withings.wiscale2','https://93.184.220.17/hc/en-us/locales-2ee634320077766ef6e2e420a70927e49afd12c2.js','93.184.220.17','p6.zdassets.com','AS15133 EdgeCast Networks, Inc.','d','2016-07-12 10:06:52','av5_sensor_device'),('com.withings.wiscale2','https://93.184.220.17/hc/en-us/locales-32efb3d8caf2d219601ce63148df96aa6f42037d.js','93.184.220.17','p6.zdassets.com','AS15133 EdgeCast Networks, Inc.','d','2016-07-12 09:26:03','av5_sensor_device'),('com.withings.wiscale2','https://93.184.220.17/hc/settings_assets/125350/200034457/j4XXgGx8LrNWRWkFilyvQQ-icon152__1_.png','93.184.220.17','p6.zdassets.com','AS15133 EdgeCast Networks, Inc.','d','2016-07-12 09:26:03','av5_sensor_device'),('com.withings.wiscale2','https://93.184.220.17/hc/settings_assets/125350/200034457/ZrZFcyVon1qhgytLPfc2LA-icon152__1_.png','93.184.220.17','p6.zdassets.com','AS15133 EdgeCast Networks, Inc.','d','2016-07-12 09:26:03','av5_sensor_device'),('com.withings.wiscale2','https://93.184.220.17/hc/themes/125350/201969378/script-95df84d8c985773f08a8beadd6e51eaa.js?brand_id=3281766&locale=en-us','93.184.220.17','p6.zdassets.com','AS15133 EdgeCast Networks, Inc.','d','2016-07-12 09:26:03','av5_sensor_device'),('com.withings.wiscale2','https://93.184.220.17/hc/themes/125350/201969378/style-95df84d8c985773f08a8beadd6e51eaa.css?brand_id=3281766&locale=en-us','93.184.220.17','p6.zdassets.com','AS15133 EdgeCast Networks, Inc.','d','2016-07-12 09:26:03','av5_sensor_device'),('com.withings.wiscale2','https://93.184.220.17/hc/theme_assets/125350/200034457/cm.js','93.184.220.17','p6.zdassets.com','AS15133 EdgeCast Networks, Inc.','d','2016-07-12 09:26:03','av5_sensor_device'),('com.withings.wiscale2','https://93.184.220.17/hc/theme_assets/125350/200034457/jquery.event.move.js','93.184.220.17','p6.zdassets.com','AS15133 EdgeCast Networks, Inc.','d','2016-07-12 09:26:03','av5_sensor_device'),('com.withings.wiscale2','https://93.184.220.17/hc/theme_assets/125350/200034457/jquery.event.swipe.js','93.184.220.17','p6.zdassets.com','AS15133 EdgeCast Networks, Inc.','d','2016-07-12 09:26:03','av5_sensor_device'),('com.withings.wiscale2','https://93.184.220.17/hc/theme_assets/125350/200034457/jquery.scrollbar.min.js','93.184.220.17','p6.zdassets.com','AS15133 EdgeCast Networks, Inc.','d','2016-07-12 09:26:03','av5_sensor_device'),('com.withings.wiscale2','https://93.184.220.17/hc/theme_assets/125350/200034457/logo-desk-s.png','93.184.220.17','p6.zdassets.com','AS15133 EdgeCast Networks, Inc.','d','2016-07-12 09:26:03','av5_sensor_device'),('com.withings.wiscale2','https://93.184.220.17/hc/theme_assets/125350/200034457/main9.js','93.184.220.17','p6.zdassets.com','AS15133 EdgeCast Networks, Inc.','d','2016-07-12 09:26:03','av5_sensor_device'),('com.withings.wiscale2','https://93.184.220.17/hc/theme_assets/125350/200034457/media-queriesc1.css','93.184.220.17','p6.zdassets.com','AS15133 EdgeCast Networks, Inc.','d','2016-07-12 09:26:03','av5_sensor_device'),('com.withings.wiscale2','https://93.184.220.17/hc/theme_assets/125350/200034457/typekit.css','93.184.220.17','p6.zdassets.com','AS15133 EdgeCast Networks, Inc.','d','2016-07-12 09:26:03','av5_sensor_device'),('com.withings.wiscale2','https://93.184.220.17/hc/theme_assets/125350/200034457/unslider.js','93.184.220.17','p6.zdassets.com','AS15133 EdgeCast Networks, Inc.','d','2016-07-12 09:26:03','av5_sensor_device'),('com.zensorium.tinke','https://23.23.109.110/api/v1/users/login','23.23.109.110','api.zensorium.com','AS14618 Amazon.com, Inc.','d','2016-07-08 11:06:17','av1_data_trans'),('com.zensorium.tinke','https://23.23.109.110/api/v1/users/welcome?access_token=zfIAjbNqRBe0EkDZOkxHK5Gv5WKQ7kSKgI1eLgNnmJk%3D&hour=12&','23.23.109.110','api.zensorium.com','AS14618 Amazon.com, Inc.','d','2016-07-08 11:06:17','av1_data_trans'),('fi.polar.polarflow','https://216.58.213.164/m/voice-search/fallback','216.58.213.164','','AS15169 Google Inc.','d','2016-07-08 10:40:41','av1_data_trans'),('fi.polar.polarflow','https://62.165.171.26/v2/application/check-for-update?current-version=3.1','62.165.171.26','www.polarremote.com','AS16086 DNA Oy','d','2016-07-08 10:40:41','av1_data_trans'),('fi.polar.polarflow','https://62.165.171.26/v2/login/user/associateToApp','62.165.171.26','www.polarremote.com','AS16086 DNA Oy','d','2016-07-08 10:40:41','av1_data_trans'),('fi.polar.polarflow','https://62.165.171.26/v2/users/24312361','62.165.171.26','www.polarremote.com','AS16086 DNA Oy','d','2016-07-08 10:40:41','av1_data_trans'),('fi.polar.polarflow','https://62.165.171.26/v2/users/24312361/activities/goal','62.165.171.26','www.polarremote.com','AS16086 DNA Oy','d','2016-07-08 10:40:41','av1_data_trans'),('fi.polar.polarflow','https://62.165.171.26/v2/users/24312361/address','62.165.171.26','www.polarremote.com','AS16086 DNA Oy','d','2016-07-08 10:40:41','av1_data_trans'),('fi.polar.polarflow','https://62.165.171.26/v2/users/24312361/localization-settings','62.165.171.26','www.polarremote.com','AS16086 DNA Oy','d','2016-07-08 10:40:41','av1_data_trans'),('fi.polar.polarflow','https://62.165.171.26/v2/users/24312361/profile-information','62.165.171.26','www.polarremote.com','AS16086 DNA Oy','d','2016-07-08 10:40:41','av1_data_trans'),('fi.polar.polarflow','https://62.165.171.26/v2/users/24312361/profile-picture/medium','62.165.171.26','www.polarremote.com','AS16086 DNA Oy','d','2016-07-08 10:40:41','av1_data_trans'),('fi.polar.polarflow','https://62.165.171.26/v2/users/24312361/settings/physical-information','62.165.171.26','www.polarremote.com','AS16086 DNA Oy','d','2016-07-08 10:40:41','av1_data_trans'),('fi.polar.polarflow','https://62.165.171.26/v2/users/24312361/training-computer-devices/','62.165.171.26','www.polarremote.com','AS16086 DNA Oy','d','2016-07-08 10:40:41','av1_data_trans'),('fi.polar.polarflow','https://62.165.171.26/v2/users/24312361/training-computer-devices/38003852','62.165.171.26','www.polarremote.com','AS16086 DNA Oy','d','2016-07-08 10:40:41','av1_data_trans'),('fi.polar.polarflow','https://62.165.171.26/v2/users/24312361/training-computer-devices/38003852/settings','62.165.171.26','www.polarremote.com','AS16086 DNA Oy','d','2016-07-08 10:40:41','av1_data_trans');
/*!40000 ALTER TABLE `urls` ENABLE KEYS */;
UNLOCK TABLES;

--
-- Table structure for table `urls_ssl`
--

DROP TABLE IF EXISTS `urls_ssl`;
/*!40101 SET @saved_cs_client     = @@character_set_client */;
/*!40101 SET character_set_client = utf8 */;
CREATE TABLE `urls_ssl` (
  `url` varchar(200) NOT NULL,
  `rating` varchar(200) NOT NULL,
  `report_url` varchar(300) NOT NULL,
  `timestamp` timestamp NOT NULL DEFAULT CURRENT_TIMESTAMP,
  PRIMARY KEY (`url`)
) ENGINE=InnoDB DEFAULT CHARSET=latin1;
/*!40101 SET character_set_client = @saved_cs_client */;

--
-- Dumping data for table `urls_ssl`
--

LOCK TABLES `urls_ssl` WRITE;
/*!40000 ALTER TABLE `urls_ssl` DISABLE KEYS */;
INSERT INTO `urls_ssl` VALUES ('account.withings.com','89.30.121.170:A','https://www.ssllabs.com/ssltest/analyze.html?d=account.withings.com','2016-07-14 20:58:39'),('android.clients.google.com','analysis failed','https://www.ssllabs.com/ssltest/analyze.html?d=android.clients.google.com','2016-07-14 20:58:21'),('api.activ8rlives.com','analysis failed','https://www.ssllabs.com/ssltest/analyze.html?d=api.activ8rlives.com','2016-07-17 10:26:07'),('app-measurement.com','2607:f8b0:4005:801:0:0:0:200e:A, 216.58.192.14:A','https://www.ssllabs.com/ssltest/analyze.html?d=app-measurement.com','2016-07-14 20:58:25'),('cas00002.skyscapecloud.com','analysis failed','https://www.ssllabs.com/ssltest/analyze.html?d=cas00002.skyscapecloud.com','2016-07-17 10:25:23'),('clients3.google.com','analysis failed','https://www.ssllabs.com/ssltest/analyze.html?d=clients3.google.com','2016-07-17 10:26:10'),('connectivitycheck.gstatic.com','analysis failed','https://www.ssllabs.com/ssltest/analyze.html?d=connectivitycheck.gstatic.com','2016-07-14 20:47:17'),('e.crashlytics.com','54.243.76.44:A, 54.83.41.42:A, 107.21.231.178:A, 54.243.91.24:A, 54.243.63.67:A, 54.243.79.136:A, 107.21.105.196:A, 75.101.131.122:A','https://www.ssllabs.com/ssltest/analyze.html?d=e.crashlytics.com','2016-07-14 20:58:32'),('fonts.googleapis.com','74.125.28.95:C, 2607:f8b0:400e:c04:0:0:0:5f:C','https://www.ssllabs.com/ssltest/analyze.html?d=fonts.googleapis.com','2016-07-14 20:58:33'),('health.medm.com','analysis failed','https://www.ssllabs.com/ssltest/analyze.html?d=health.medm.com','2016-07-18 16:20:25'),('i1.wp.com','192.0.77.2:A','https://www.ssllabs.com/ssltest/analyze.html?d=i1.wp.com','2016-07-14 20:58:17'),('img.youtube.com','2607:f8b0:4005:805:0:0:0:200e:A, 216.58.194.206:A','https://www.ssllabs.com/ssltest/analyze.html?d=img.youtube.com','2016-07-14 20:58:26'),('mail.google.com','2607:f8b0:4005:805:0:0:0:2005:A, 216.58.194.197:A','https://www.ssllabs.com/ssltest/analyze.html?d=mail.google.com','2016-07-14 20:58:30'),('maintws.withings.net','89.30.121.150:A','https://www.ssllabs.com/ssltest/analyze.html?d=maintws.withings.net','2016-07-14 20:58:34'),('media-cdn.withings.com','151.101.25.6:A','https://www.ssllabs.com/ssltest/analyze.html?d=media-cdn.withings.com','2016-07-14 20:47:16'),('my.withings.com','89.30.121.170:A','https://www.ssllabs.com/ssltest/analyze.html?d=my.withings.com','2016-07-14 20:58:37'),('p6.zdassets.com','72.21.91.17:A','https://www.ssllabs.com/ssltest/analyze.html?d=p6.zdassets.com','2016-07-14 20:58:40'),('play.googleapis.com','analysis failed','https://www.ssllabs.com/ssltest/analyze.html?d=play.googleapis.com','2016-07-14 20:58:24'),('scalews.withings.net','89.30.121.150:A','https://www.ssllabs.com/ssltest/analyze.html?d=scalews.withings.net','2016-07-14 20:58:13'),('secure.gravatar.com','192.0.80.242:A, 192.0.80.241:A, 192.0.80.240:A, 192.0.80.239:A','https://www.ssllabs.com/ssltest/analyze.html?d=secure.gravatar.com','2016-07-14 20:58:19'),('settings.crashlytics.com','50.19.122.55:A, 50.16.244.33:A, 54.221.198.134:A, 54.197.255.113:A, 23.23.129.71:A, 23.23.99.56:A, 23.23.184.36:A, 54.197.235.216:A','https://www.ssllabs.com/ssltest/analyze.html?d=settings.crashlytics.com','2016-07-14 20:58:16'),('ssl.google-analytics.com','74.125.28.97:A, 2607:f8b0:4005:804:0:0:0:2008:A','https://www.ssllabs.com/ssltest/analyze.html?d=ssl.google-analytics.com','2016-07-14 20:58:29'),('static.withings.com','46.105.202.21:A-','https://www.ssllabs.com/ssltest/analyze.html?d=static.withings.com','2016-07-14 20:47:18'),('support.withings.com','89.30.121.170:A','https://www.ssllabs.com/ssltest/analyze.html?d=support.withings.com','2016-07-14 20:58:14'),('withings.com','89.30.121.170:A','https://www.ssllabs.com/ssltest/analyze.html?d=withings.com','2016-07-14 20:58:36'),('withings.zendesk.com','192.161.156.1:A+','https://www.ssllabs.com/ssltest/analyze.html?d=withings.zendesk.com','2016-07-14 20:58:20'),('www.google-analytics.com','2607:f8b0:4005:805:0:0:0:200e:A, 216.58.194.206:A','https://www.ssllabs.com/ssltest/analyze.html?d=www.google-analytics.com','2016-07-14 20:58:27'),('www.googleadservices.com','analysis failed','https://www.ssllabs.com/ssltest/analyze.html?d=www.googleadservices.com','2016-07-18 16:21:29'),('www.googleapis.com','analysis failed','https://www.ssllabs.com/ssltest/analyze.html?d=www.googleapis.com','2016-07-14 20:58:23'),('www.withings.com','89.30.121.170:A','https://www.ssllabs.com/ssltest/analyze.html?d=www.withings.com','2016-07-14 20:58:35'),('xaapi.xamarin.com','analysis failed','https://www.ssllabs.com/ssltest/analyze.html?d=xaapi.xamarin.com','2016-07-17 10:26:51'),('xtra1.gpsonextra.net','analysis failed','https://www.ssllabs.com/ssltest/analyze.html?d=xtra1.gpsonextra.net','2016-07-14 20:58:12');
/*!40000 ALTER TABLE `urls_ssl` ENABLE KEYS */;
UNLOCK TABLES;

--
-- Temporary view structure for view `view_app_perm`
--

DROP TABLE IF EXISTS `view_app_perm`;
/*!50001 DROP VIEW IF EXISTS `view_app_perm`*/;
SET @saved_cs_client     = @@character_set_client;
SET character_set_client = utf8;
/*!50001 CREATE VIEW `view_app_perm` AS SELECT 
 1 AS `package`,
 1 AS `group_concat(p.name separator ', ')`*/;
SET character_set_client = @saved_cs_client;

--
-- Table structure for table `web_security`
--

DROP TABLE IF EXISTS `web_security`;
/*!40101 SET @saved_cs_client     = @@character_set_client */;
/*!40101 SET character_set_client = utf8 */;
CREATE TABLE `web_security` (
  `package` varchar(80) NOT NULL,
  `WebServerURL` varchar(100) NOT NULL,
  `Protocolused` varchar(10) NOT NULL COMMENT 'HTTP, HTTPS, Both',
  `MinimumPasswordLength` int(2) DEFAULT NULL COMMENT 'Number of characters',
  `SamplePassworrd` varchar(20) DEFAULT NULL COMMENT 'Example of valid password',
  `PasswordinCleartext` varchar(3) DEFAULT NULL COMMENT 'Password transmitted in Cleartext',
  `MedicalDatainCleartext` varchar(3) DEFAULT NULL COMMENT 'Medical Data in Cleartext (text or pictures)',
  `Comments` longtext,
  `time` timestamp NOT NULL DEFAULT CURRENT_TIMESTAMP,
  UNIQUE KEY `package` (`package`),
  CONSTRAINT `web_security_ibfk_1` FOREIGN KEY (`package`) REFERENCES `apps` (`package`) ON DELETE CASCADE ON UPDATE CASCADE
) ENGINE=InnoDB DEFAULT CHARSET=latin1 COMMENT='Saves results of web security analysis';
/*!40101 SET character_set_client = @saved_cs_client */;

--
-- Dumping data for table `web_security`
--

LOCK TABLES `web_security` WRITE;
/*!40000 ALTER TABLE `web_security` DISABLE KEYS */;
/*!40000 ALTER TABLE `web_security` ENABLE KEYS */;
UNLOCK TABLES;

--
-- Final view structure for view `experiment_overview`
--

/*!50001 DROP VIEW IF EXISTS `experiment_overview`*/;
/*!50001 SET @saved_cs_client          = @@character_set_client */;
/*!50001 SET @saved_cs_results         = @@character_set_results */;
/*!50001 SET @saved_col_connection     = @@collation_connection */;
/*!50001 SET character_set_client      = utf8 */;
/*!50001 SET character_set_results     = utf8 */;
/*!50001 SET collation_connection      = utf8_general_ci */;
/*!50001 CREATE ALGORITHM=UNDEFINED */
/*!50013 DEFINER=`root`@`localhost` SQL SECURITY DEFINER */
/*!50001 VIEW `experiment_overview` AS select `e`.`id` AS `id`,`e`.`package` AS `package`,`e`.`time` AS `time`,`e`.`test_case` AS `test_case`,`e`.`comment` AS `c1`,`ts`.`order` AS `order`,`d`.`test_step` AS `test_step`,`d`.`comment` AS `c2` from ((`experiments` `e` left join `experiments_details` `d` on((`e`.`id` = `d`.`experiment`))) left join `experiment_test_steps` `ts` on((`d`.`test_step` = `ts`.`name`))) order by `e`.`id`,`ts`.`order` */;
/*!50001 SET character_set_client      = @saved_cs_client */;
/*!50001 SET character_set_results     = @saved_cs_results */;
/*!50001 SET collation_connection      = @saved_col_connection */;

--
-- Final view structure for view `view_app_perm`
--

/*!50001 DROP VIEW IF EXISTS `view_app_perm`*/;
/*!50001 SET @saved_cs_client          = @@character_set_client */;
/*!50001 SET @saved_cs_results         = @@character_set_results */;
/*!50001 SET @saved_col_connection     = @@collation_connection */;
/*!50001 SET character_set_client      = utf8 */;
/*!50001 SET character_set_results     = utf8 */;
/*!50001 SET collation_connection      = utf8_general_ci */;
/*!50001 CREATE ALGORITHM=UNDEFINED */
/*!50013 DEFINER=`root`@`localhost` SQL SECURITY DEFINER */
/*!50001 VIEW `view_app_perm` AS select `a`.`package` AS `package`,group_concat(`p`.`name` separator '
') AS `group_concat(p.name separator ', ')` from ((`apps` `a` join `app_perm` `ap` on((`a`.`id` = `ap`.`id_app`))) join `permissions` `p` on((`ap`.`id_perm` = `p`.`id`))) group by `a`.`package` */;
/*!50001 SET character_set_client      = @saved_cs_client */;
/*!50001 SET character_set_results     = @saved_cs_results */;
/*!50001 SET collation_connection      = @saved_col_connection */;
/*!40103 SET TIME_ZONE=@OLD_TIME_ZONE */;

/*!40101 SET SQL_MODE=@OLD_SQL_MODE */;
/*!40014 SET FOREIGN_KEY_CHECKS=@OLD_FOREIGN_KEY_CHECKS */;
/*!40014 SET UNIQUE_CHECKS=@OLD_UNIQUE_CHECKS */;
/*!40101 SET CHARACTER_SET_CLIENT=@OLD_CHARACTER_SET_CLIENT */;
/*!40101 SET CHARACTER_SET_RESULTS=@OLD_CHARACTER_SET_RESULTS */;
/*!40101 SET COLLATION_CONNECTION=@OLD_COLLATION_CONNECTION */;
/*!40111 SET SQL_NOTES=@OLD_SQL_NOTES */;

-- Dump completed on 2016-07-19 14:13:27
